HOME_TEAM_ID,AWAY_TEAM_ID,HOME_WIN_PROB,AWAY_WIN_PROB,HOME_TEAM_NAME,HOME_TEAM,AWAY_TEAM_NAME,AWAY_TEAM,PREDICTED_WINNER
1610612737,1610612738,0.43403271873024163,0.5659672812697584,Atlanta Hawks,ATL,Boston Celtics,BOS,BOS
1610612737,1610612739,0.5196077472034982,0.4803922527965018,Atlanta Hawks,ATL,Cleveland Cavaliers,CLE,ATL
1610612737,1610612740,0.7649743348689128,0.23502566513108725,Atlanta Hawks,ATL,New Orleans Pelicans,NOP,ATL
1610612737,1610612741,0.7373543480645816,0.26264565193541844,Atlanta Hawks,ATL,Chicago Bulls,CHI,ATL
1610612737,1610612742,0.6643424610037587,0.3356575389962413,Atlanta Hawks,ATL,Dallas Mavericks,DAL,ATL
1610612737,1610612743,0.373945454429542,0.626054545570458,Atlanta Hawks,ATL,Denver Nuggets,DEN,DEN
1610612737,1610612744,0.6897792816021583,0.3102207183978417,Atlanta Hawks,ATL,Golden State Warriors,GSW,ATL
1610612737,1610612745,0.3977946680897449,0.6022053319102552,Atlanta Hawks,ATL,Houston Rockets,HOU,HOU
1610612737,1610612746,0.5532810226279018,0.4467189773720982,Atlanta Hawks,ATL,Los Angeles Clippers,LAC,ATL
1610612737,1610612747,0.5021123494829214,0.4978876505170786,Atlanta Hawks,ATL,Los Angeles Lakers,LAL,ATL
1610612737,1610612748,0.5881444048903105,0.4118555951096895,Atlanta Hawks,ATL,Miami Heat,MIA,ATL
1610612737,1610612749,0.6993060372369243,0.3006939627630757,Atlanta Hawks,ATL,Milwaukee Bucks,MIL,ATL
1610612737,1610612750,0.6340114504143354,0.3659885495856646,Atlanta Hawks,ATL,Minnesota Timberwolves,MIN,ATL
1610612737,1610612751,0.6993196544565615,0.3006803455434385,Atlanta Hawks,ATL,Brooklyn Nets,BKN,ATL
1610612737,1610612752,0.45379173061749256,0.5462082693825074,Atlanta Hawks,ATL,New York Knicks,NYK,NYK
1610612737,1610612753,0.4925156499828644,0.5074843500171355,Atlanta Hawks,ATL,Orlando Magic,ORL,ORL
1610612737,1610612754,0.6964665892811241,0.30353341071887585,Atlanta Hawks,ATL,Indiana Pacers,IND,ATL
1610612737,1610612755,0.5502487831914796,0.44975121680852037,Atlanta Hawks,ATL,Philadelphia 76ers,PHI,ATL
1610612737,1610612756,0.5847314142722599,0.41526858572774006,Atlanta Hawks,ATL,Phoenix Suns,PHX,ATL
1610612737,1610612757,0.5180846197184216,0.48191538028157843,Atlanta Hawks,ATL,Portland Trail Blazers,POR,ATL
1610612737,1610612758,0.7077858271440353,0.29221417285596474,Atlanta Hawks,ATL,Sacramento Kings,SAC,ATL
1610612737,1610612759,0.4426613250143739,0.5573386749856262,Atlanta Hawks,ATL,San Antonio Spurs,SAS,SAS
1610612737,1610612760,0.49699754219081493,0.5030024578091851,Atlanta Hawks,ATL,Oklahoma City Thunder,OKC,OKC
1610612737,1610612761,0.4835927861267665,0.5164072138732335,Atlanta Hawks,ATL,Toronto Raptors,TOR,TOR
1610612737,1610612762,0.8143934082023376,0.18560659179766237,Atlanta Hawks,ATL,Utah Jazz,UTA,ATL
1610612737,1610612763,0.8383211160856042,0.16167888391439578,Atlanta Hawks,ATL,Memphis Grizzlies,MEM,ATL
1610612737,1610612764,0.8374696296344104,0.1625303703655896,Atlanta Hawks,ATL,Washington Wizards,WAS,ATL
1610612737,1610612765,0.4448462905290311,0.5551537094709689,Atlanta Hawks,ATL,Detroit Pistons,DET,DET
1610612737,1610612766,0.531863526807221,0.46813647319277896,Atlanta Hawks,ATL,Charlotte Hornets,CHA,ATL
1610612738,1610612737,0.6558431462478714,0.34415685375212857,Boston Celtics,BOS,Atlanta Hawks,ATL,BOS
1610612738,1610612739,0.6303983002527074,0.3696016997472926,Boston Celtics,BOS,Cleveland Cavaliers,CLE,BOS
1610612738,1610612740,0.8369356441882357,0.16306435581176426,Boston Celtics,BOS,New Orleans Pelicans,NOP,BOS
1610612738,1610612741,0.8157354277770608,0.18426457222293924,Boston Celtics,BOS,Chicago Bulls,CHI,BOS
1610612738,1610612742,0.7573418423846557,0.24265815761534426,Boston Celtics,BOS,Dallas Mavericks,DAL,BOS
1610612738,1610612743,0.4850362485294977,0.5149637514705023,Boston Celtics,BOS,Denver Nuggets,DEN,DEN
1610612738,1610612744,0.7780851642365442,0.22191483576345583,Boston Celtics,BOS,Golden State Warriors,GSW,BOS
1610612738,1610612745,0.5101966274210316,0.48980337257896844,Boston Celtics,BOS,Houston Rockets,HOU,BOS
1610612738,1610612746,0.6613667832688421,0.33863321673115787,Boston Celtics,BOS,Los Angeles Clippers,LAC,BOS
1610612738,1610612747,0.6139399324458298,0.3860600675541702,Boston Celtics,BOS,Los Angeles Lakers,LAL,BOS
1610612738,1610612748,0.692483227308027,0.307516772691973,Boston Celtics,BOS,Miami Heat,MIA,BOS
1610612738,1610612749,0.7857424259230734,0.21425757407692658,Boston Celtics,BOS,Milwaukee Bucks,MIL,BOS
1610612738,1610612750,0.7320247383001953,0.2679752616998047,Boston Celtics,BOS,Minnesota Timberwolves,MIN,BOS
1610612738,1610612751,0.7857533280293669,0.21424667197063307,Boston Celtics,BOS,Brooklyn Nets,BKN,BOS
1610612738,1610612752,0.5671156560010625,0.4328843439989375,Boston Celtics,BOS,New York Knicks,NYK,BOS
1610612738,1610612753,0.6048021934994275,0.39519780650057246,Boston Celtics,BOS,Orlando Magic,ORL,BOS
1610612738,1610612754,0.7834664612846532,0.21653353871534675,Boston Celtics,BOS,Indiana Pacers,IND,BOS
1610612738,1610612755,0.6586155240064296,0.34138447599357036,Boston Celtics,BOS,Philadelphia 76ers,PHI,BOS
1610612738,1610612756,0.6894783748323813,0.3105216251676187,Boston Celtics,BOS,Phoenix Suns,PHX,BOS
1610612738,1610612757,0.6289756199059854,0.3710243800940146,Boston Celtics,BOS,Portland Trail Blazers,POR,BOS
1610612738,1610612758,0.7925079011157798,0.20749209888422016,Boston Celtics,BOS,Sacramento Kings,SAC,BOS
1610612738,1610612759,0.5560352582517087,0.44396474174829126,Boston Celtics,BOS,San Antonio Spurs,SAS,BOS
1610612738,1610612760,0.6090795262703487,0.39092047372965133,Boston Celtics,BOS,Oklahoma City Thunder,OKC,BOS
1610612738,1610612761,0.5962350930611989,0.40376490693880107,Boston Celtics,BOS,Toronto Raptors,TOR,BOS
1610612738,1610612762,0.8737211688467701,0.1262788311532299,Boston Celtics,BOS,Utah Jazz,UTA,BOS
1610612738,1610612763,0.8910240033336327,0.10897599666636726,Boston Celtics,BOS,Memphis Grizzlies,MEM,BOS
1610612738,1610612764,0.8904137950452902,0.10958620495470983,Boston Celtics,BOS,Washington Wizards,WAS,BOS
1610612738,1610612765,0.5582193395113279,0.44178066048867215,Boston Celtics,BOS,Detroit Pistons,DET,BOS
1610612738,1610612766,0.6417762054089876,0.3582237945910124,Boston Celtics,BOS,Charlotte Hornets,CHA,BOS
1610612739,1610612737,0.5745905362728373,0.4254094637271627,Cleveland Cavaliers,CLE,Atlanta Hawks,ATL,CLE
1610612739,1610612738,0.46153110521451424,0.5384688947854858,Cleveland Cavaliers,CLE,Boston Celtics,BOS,BOS
1610612739,1610612740,0.7843812911408067,0.21561870885919332,Cleveland Cavaliers,CLE,New Orleans Pelicans,NOP,CLE
1610612739,1610612741,0.7583214529804135,0.24167854701958646,Cleveland Cavaliers,CLE,Chicago Bulls,CHI,CLE
1610612739,1610612742,0.6886772191096059,0.3113227808903941,Cleveland Cavaliers,CLE,Dallas Mavericks,DAL,CLE
1610612739,1610612743,0.40032971393145167,0.5996702860685483,Cleveland Cavaliers,CLE,Denver Nuggets,DEN,DEN
1610612739,1610612744,0.7130663961864844,0.2869336038135156,Cleveland Cavaliers,CLE,Golden State Warriors,GSW,CLE
1610612739,1610612745,0.4247200763628976,0.5752799236371025,Cleveland Cavaliers,CLE,Houston Rockets,HOU,HOU
1610612739,1610612746,0.5805842880833556,0.4194157119166444,Cleveland Cavaliers,CLE,Los Angeles Clippers,LAC,CLE
1610612739,1610612747,0.5298857127443303,0.4701142872556697,Cleveland Cavaliers,CLE,Los Angeles Lakers,LAL,CLE
1610612739,1610612748,0.6148003436729497,0.38519965632705033,Cleveland Cavaliers,CLE,Miami Heat,MIA,CLE
1610612739,1610612749,0.7221660618645359,0.2778339381354641,Cleveland Cavaliers,CLE,Milwaukee Bucks,MIL,CLE
1610612739,1610612750,0.6594178489859415,0.34058215101405853,Cleveland Cavaliers,CLE,Minnesota Timberwolves,MIN,CLE
1610612739,1610612751,0.7221790551261567,0.27782094487384335,Cleveland Cavaliers,CLE,Brooklyn Nets,BKN,CLE
1610612739,1610612752,0.48147699821166495,0.5185230017883351,Cleveland Cavaliers,CLE,New York Knicks,NYK,NYK
1610612739,1610612753,0.5203129219364991,0.47968707806350086,Cleveland Cavaliers,CLE,Orlando Magic,ORL,CLE
1610612739,1610612754,0.7194558803523208,0.2805441196476792,Cleveland Cavaliers,CLE,Indiana Pacers,IND,CLE
1610612739,1610612755,0.5775958876773503,0.42240411232264974,Cleveland Cavaliers,CLE,Philadelphia 76ers,PHI,CLE
1610612739,1610612756,0.61146232094834,0.38853767905166003,Cleveland Cavaliers,CLE,Phoenix Suns,PHX,CLE
1610612739,1610612757,0.5457730129744494,0.45422698702555064,Cleveland Cavaliers,CLE,Portland Trail Blazers,POR,CLE
1610612739,1610612758,0.7302498569718155,0.26975014302818445,Cleveland Cavaliers,CLE,Sacramento Kings,SAC,CLE
1610612739,1610612759,0.4702521631365801,0.5297478368634199,Cleveland Cavaliers,CLE,San Antonio Spurs,SAS,SAS
1610612739,1610612760,0.5247861900563001,0.4752138099436999,Cleveland Cavaliers,CLE,Oklahoma City Thunder,OKC,CLE
1610612739,1610612761,0.5113939377497797,0.4886060622502203,Cleveland Cavaliers,CLE,Toronto Raptors,TOR,CLE
1610612739,1610612762,0.8306231777066991,0.16937682229330087,Cleveland Cavaliers,CLE,Utah Jazz,UTA,CLE
1610612739,1610612763,0.8528366858288855,0.1471633141711145,Cleveland Cavaliers,CLE,Memphis Grizzlies,MEM,CLE
1610612739,1610612764,0.8520481542826255,0.14795184571737452,Cleveland Cavaliers,CLE,Washington Wizards,WAS,CLE
1610612739,1610612765,0.47245786958055147,0.5275421304194485,Cleveland Cavaliers,CLE,Detroit Pistons,DET,DET
1610612739,1610612766,0.5594334676022856,0.44056653239771437,Cleveland Cavaliers,CLE,Charlotte Hornets,CHA,CLE
1610612740,1610612737,0.3092011048281918,0.6907988951718083,New Orleans Pelicans,NOP,Atlanta Hawks,ATL,ATL
1610612740,1610612738,0.22120763846510863,0.7787923615348914,New Orleans Pelicans,NOP,Boston Celtics,BOS,BOS
1610612740,1610612739,0.2860277863818584,0.7139722136181417,New Orleans Pelicans,NOP,Cleveland Cavaliers,CLE,CLE
1610612740,1610612741,0.5097578776509161,0.49024212234908393,New Orleans Pelicans,NOP,Chicago Bulls,CHI,NOP
1610612740,1610612742,0.422987828854114,0.577012171145886,New Orleans Pelicans,NOP,Dallas Mavericks,DAL,DAL
1610612740,1610612743,0.1811532080330295,0.8188467919669705,New Orleans Pelicans,NOP,Denver Nuggets,DEN,DEN
1610612740,1610612744,0.45161719397703537,0.5483828060229646,New Orleans Pelicans,NOP,Golden State Warriors,GSW,GSW
1610612740,1610612745,0.19656725809566555,0.8034327419043344,New Orleans Pelicans,NOP,Houston Rockets,HOU,HOU
1610612740,1610612746,0.3144729328634726,0.6855270671365274,New Orleans Pelicans,NOP,Los Angeles Clippers,LAC,LAC
1610612740,1610612747,0.27194497784726257,0.7280550221527374,New Orleans Pelicans,NOP,Los Angeles Lakers,LAL,LAL
1610612740,1610612748,0.34594161543095725,0.6540583845690428,New Orleans Pelicans,NOP,Miami Heat,MIA,MIA
1610612740,1610612749,0.4627613677155516,0.5372386322844485,New Orleans Pelicans,NOP,Milwaukee Bucks,MIL,MIL
1610612740,1610612750,0.3908450812574323,0.6091549187425678,New Orleans Pelicans,NOP,Minnesota Timberwolves,MIN,MIN
1610612740,1610612751,0.4627774677735202,0.5372225322264799,New Orleans Pelicans,NOP,Brooklyn Nets,BKN,BKN
1610612740,1610612752,0.2353061160602706,0.7646938839397294,New Orleans Pelicans,NOP,New York Knicks,NYK,NYK
1610612740,1610612753,0.2644111705489419,0.7355888294510581,New Orleans Pelicans,NOP,Orlando Magic,ORL,ORL
1610612740,1610612754,0.4594149413963615,0.5405850586036385,New Orleans Pelicans,NOP,Indiana Pacers,IND,IND
1610612740,1610612755,0.31183586884011144,0.6881641311598885,New Orleans Pelicans,NOP,Philadelphia 76ers,PHI,PHI
1610612740,1610612756,0.34276440535736036,0.6572355946426396,New Orleans Pelicans,NOP,Phoenix Suns,PHX,PHX
1610612740,1610612757,0.28478345622335116,0.7152165437766489,New Orleans Pelicans,NOP,Portland Trail Blazers,POR,POR
1610612740,1610612758,0.4728836883620697,0.5271163116379303,New Orleans Pelicans,NOP,Sacramento Kings,SAC,SAC
1610612740,1610612759,0.22730451634498577,0.7726954836550142,New Orleans Pelicans,NOP,San Antonio Spurs,SAS,SAS
1610612740,1610612760,0.26791315061389703,0.732086849386103,New Orleans Pelicans,NOP,Oklahoma City Thunder,OKC,OKC
1610612740,1610612761,0.25752378691075734,0.7424762130892426,New Orleans Pelicans,NOP,Toronto Raptors,TOR,TOR
1610612740,1610612762,0.6190665051591766,0.3809334948408234,New Orleans Pelicans,NOP,Utah Jazz,UTA,NOP
1610612740,1610612763,0.6575877366797188,0.3424122633202812,New Orleans Pelicans,NOP,Memphis Grizzlies,MEM,NOP
1610612740,1610612764,0.6561747950292699,0.3438252049707301,New Orleans Pelicans,NOP,Washington Wizards,WAS,NOP
1610612740,1610612765,0.2288629896705462,0.7711370103294538,New Orleans Pelicans,NOP,Detroit Pistons,DET,DET
1610612740,1610612766,0.29617083091724977,0.7038291690827503,New Orleans Pelicans,NOP,Charlotte Hornets,CHA,CHA
1610612741,1610612737,0.34190862160804136,0.6580913783919586,Chicago Bulls,CHI,Atlanta Hawks,ATL,ATL
1610612741,1610612738,0.2479480624239379,0.7520519375760621,Chicago Bulls,CHI,Boston Celtics,BOS,BOS
1610612741,1610612739,0.31741033899045396,0.6825896610095461,Chicago Bulls,CHI,Cleveland Cavaliers,CLE,CLE
1610612741,1610612740,0.5832131584436043,0.41678684155639567,Chicago Bulls,CHI,New Orleans Pelicans,NOP,CHI
1610612741,1610612742,0.45972162334637806,0.5402783766536219,Chicago Bulls,CHI,Dallas Mavericks,DAL,DAL
1610612741,1610612743,0.2043220168057409,0.7956779831942591,Chicago Bulls,CHI,Denver Nuggets,DEN,DEN
1610612741,1610612744,0.48873138003649363,0.5112686199635064,Chicago Bulls,CHI,Golden State Warriors,GSW,GSW
1610612741,1610612745,0.22117497995583082,0.7788250200441692,Chicago Bulls,CHI,Houston Rockets,HOU,HOU
1610612741,1610612746,0.3474576170487098,0.6525423829512902,Chicago Bulls,CHI,Los Angeles Clippers,LAC,LAC
1610612741,1610612747,0.3024369049927522,0.6975630950072478,Chicago Bulls,CHI,Los Angeles Lakers,LAL,LAL
1610612741,1610612748,0.3803954633709858,0.6196045366290142,Chicago Bulls,CHI,Miami Heat,MIA,MIA
1610612741,1610612749,0.49995642899893816,0.5000435710010618,Chicago Bulls,CHI,Milwaukee Bucks,MIL,MIL
1610612741,1610612750,0.4268524530796335,0.5731475469203665,Chicago Bulls,CHI,Minnesota Timberwolves,MIN,MIN
1610612741,1610612751,0.4999726188207263,0.5000273811792737,Chicago Bulls,CHI,Brooklyn Nets,BKN,BKN
1610612741,1610612752,0.26317489648979453,0.7368251035102055,Chicago Bulls,CHI,New York Knicks,NYK,NYK
1610612741,1610612753,0.29439994642812445,0.7056000535718756,Chicago Bulls,CHI,Orlando Magic,ORL,ORL
1610612741,1610612754,0.49658965139283795,0.503410348607162,Chicago Bulls,CHI,Indiana Pacers,IND,IND
1610612741,1610612755,0.34468302828650865,0.6553169717134913,Chicago Bulls,CHI,Philadelphia 76ers,PHI,PHI
1610612741,1610612756,0.3770842536840183,0.6229157463159817,Chicago Bulls,CHI,Phoenix Suns,PHX,PHX
1610612741,1610612757,0.31608992559801485,0.6839100744019851,Chicago Bulls,CHI,Portland Trail Blazers,POR,POR
1610612741,1610612758,0.5101198184185255,0.4898801815814745,Chicago Bulls,CHI,Sacramento Kings,SAC,CHI
1610612741,1610612759,0.2545410680236544,0.7454589319763456,Chicago Bulls,CHI,San Antonio Spurs,SAS,SAS
1610612741,1610612760,0.2981381301401073,0.7018618698598926,Chicago Bulls,CHI,Oklahoma City Thunder,OKC,OKC
1610612741,1610612761,0.2870362289152013,0.7129637710847987,Chicago Bulls,CHI,Toronto Raptors,TOR,TOR
1610612741,1610612762,0.6535418359014562,0.3464581640985438,Chicago Bulls,CHI,Utah Jazz,UTA,CHI
1610612741,1610612763,0.6903207608652486,0.30967923913475137,Chicago Bulls,CHI,Memphis Grizzlies,MEM,CHI
1610612741,1610612764,0.6889790051551618,0.31102099484483825,Chicago Bulls,CHI,Washington Wizards,WAS,CHI
1610612741,1610612765,0.256224360464886,0.743775639535114,Chicago Bulls,CHI,Detroit Pistons,DET,DET
1610612741,1610612766,0.32815476345435846,0.6718452365456415,Chicago Bulls,CHI,Charlotte Hornets,CHA,CHA
1610612742,1610612737,0.4241293487140508,0.5758706512859493,Dallas Mavericks,DAL,Atlanta Hawks,ATL,ATL
1610612742,1610612738,0.31850941460389437,0.6814905853961056,Dallas Mavericks,DAL,Boston Celtics,BOS,BOS
1610612742,1610612739,0.3972964263166598,0.6027035736833402,Dallas Mavericks,DAL,Cleveland Cavaliers,CLE,CLE
1610612742,1610612740,0.664838914587923,0.335161085412077,Dallas Mavericks,DAL,New Orleans Pelicans,NOP,DAL
1610612742,1610612741,0.6311256101359008,0.36887438986409915,Dallas Mavericks,DAL,Chicago Bulls,CHI,DAL
1610612742,1610612743,0.2668738699976801,0.73312613000232,Dallas Mavericks,DAL,Denver Nuggets,DEN,DEN
1610612742,1610612744,0.5753891696540282,0.4246108303459718,Dallas Mavericks,DAL,Golden State Warriors,GSW,DAL
1610612742,1610612745,0.2870250974694814,0.7129749025305185,Dallas Mavericks,DAL,Houston Rockets,HOU,HOU
1610612742,1610612746,0.43014055549015123,0.5698594445098488,Dallas Mavericks,DAL,Los Angeles Clippers,LAC,LAC
1610612742,1610612747,0.3806560396665107,0.6193439603334894,Dallas Mavericks,DAL,Los Angeles Lakers,LAL,LAL
1610612742,1610612748,0.46532715458604446,0.5346728454139555,Dallas Mavericks,DAL,Miami Heat,MIA,MIA
1610612742,1610612749,0.5863220409735042,0.41367795902649585,Dallas Mavericks,DAL,Milwaukee Bucks,MIL,DAL
1610612742,1610612750,0.5135594030494577,0.4864405969505423,Dallas Mavericks,DAL,Minnesota Timberwolves,MIN,DAL
1610612742,1610612751,0.5863377481540729,0.4136622518459271,Dallas Mavericks,DAL,Brooklyn Nets,BKN,DAL
1610612742,1610612752,0.33613274581953745,0.6638672541804626,Dallas Mavericks,DAL,New York Knicks,NYK,NYK
1610612742,1610612753,0.3716479205417402,0.6283520794582598,Dallas Mavericks,DAL,Orlando Magic,ORL,ORL
1610612742,1610612754,0.5830518098550754,0.41694819014492457,Dallas Mavericks,DAL,Indiana Pacers,IND,DAL
1610612742,1610612755,0.42713789759163745,0.5728621024083626,Dallas Mavericks,DAL,Philadelphia 76ers,PHI,PHI
1610612742,1610612756,0.46182768847095396,0.538172311529046,Dallas Mavericks,DAL,Phoenix Suns,PHX,PHX
1610612742,1610612757,0.3958364054551935,0.6041635945448065,Dallas Mavericks,DAL,Portland Trail Blazers,POR,POR
1610612742,1610612758,0.5961480010680856,0.40385199893191437,Dallas Mavericks,DAL,Sacramento Kings,SAC,DAL
1610612742,1610612759,0.3261649378931389,0.6738350621068612,Dallas Mavericks,DAL,San Antonio Spurs,SAS,SAS
1610612742,1610612760,0.37584450310644363,0.6241554968935563,Dallas Mavericks,DAL,Oklahoma City Thunder,OKC,OKC
1610612742,1610612761,0.363346996679093,0.636653003320907,Dallas Mavericks,DAL,Toronto Raptors,TOR,TOR
1610612742,1610612762,0.7278219829379842,0.27217801706201583,Dallas Mavericks,DAL,Utah Jazz,UTA,DAL
1610612742,1610612763,0.7596159268812429,0.2403840731187571,Dallas Mavericks,DAL,Memphis Grizzlies,MEM,DAL
1610612742,1610612764,0.758469360762528,0.24153063923747198,Dallas Mavericks,DAL,Washington Wizards,WAS,DAL
1610612742,1610612765,0.3281134046974441,0.6718865953025559,Dallas Mavericks,DAL,Detroit Pistons,DET,DET
1610612742,1610612766,0.4091242187357654,0.5908757812642347,Dallas Mavericks,DAL,Charlotte Hornets,CHA,CHA
1610612743,1610612737,0.7099520269117339,0.29004797308826613,Denver Nuggets,DEN,Atlanta Hawks,ATL,DEN
1610612743,1610612738,0.6083460611767759,0.3916539388232241,Denver Nuggets,DEN,Boston Celtics,BOS,DEN
1610612743,1610612739,0.6865959736189357,0.31340402638106435,Denver Nuggets,DEN,Cleveland Cavaliers,CLE,DEN
1610612743,1610612740,0.8682906800821226,0.13170931991787738,Denver Nuggets,DEN,New Orleans Pelicans,NOP,DEN
1610612743,1610612741,0.8504384963059003,0.1495615036940997,Denver Nuggets,DEN,Chicago Bulls,CHI,DEN
1610612743,1610612742,0.8003507462088292,0.19964925379117082,Denver Nuggets,DEN,Dallas Mavericks,DAL,DEN
1610612743,1610612744,0.8182995824903212,0.1817004175096788,Denver Nuggets,DEN,Golden State Warriors,GSW,DEN
1610612743,1610612745,0.572270085327028,0.42772991467297194,Denver Nuggets,DEN,Houston Rockets,HOU,DEN
1610612743,1610612746,0.7149846322285774,0.28501536777142256,Denver Nuggets,DEN,Los Angeles Clippers,LAC,DEN
1610612743,1610612747,0.6713353936957954,0.3286646063042046,Denver Nuggets,DEN,Los Angeles Lakers,LAL,DEN
1610612743,1610612748,0.7430880877096588,0.25691191229034116,Denver Nuggets,DEN,Miami Heat,MIA,DEN
1610612743,1610612749,0.824881530592526,0.175118469407474,Denver Nuggets,DEN,Milwaukee Bucks,MIL,DEN
1610612743,1610612750,0.7782067470475801,0.22179325295241992,Denver Nuggets,DEN,Minnesota Timberwolves,MIN,DEN
1610612743,1610612751,0.8248908850037324,0.17510911499626758,Denver Nuggets,DEN,Brooklyn Nets,BKN,DEN
1610612743,1610612752,0.6272458797623868,0.37275412023761323,Denver Nuggets,DEN,New York Knicks,NYK,DEN
1610612743,1610612753,0.6628100377344036,0.3371899622655964,Denver Nuggets,DEN,Orlando Magic,ORL,DEN
1610612743,1610612754,0.8229276297792697,0.1770723702207303,Denver Nuggets,DEN,Indiana Pacers,IND,DEN
1610612743,1610612755,0.7124796149891979,0.2875203850108021,Denver Nuggets,DEN,Philadelphia 76ers,PHI,DEN
1610612743,1610612756,0.7403923362190806,0.2596076637809194,Denver Nuggets,DEN,Phoenix Suns,PHX,DEN
1610612743,1610612757,0.6852816170078544,0.3147183829921456,Denver Nuggets,DEN,Portland Trail Blazers,POR,DEN
1610612743,1610612758,0.830677457494795,0.16932254250520495,Denver Nuggets,DEN,Sacramento Kings,SAC,DEN
1610612743,1610612759,0.6166642547315776,0.3833357452684224,Denver Nuggets,DEN,San Antonio Spurs,SAS,DEN
1610612743,1610612760,0.6668054193875558,0.3331945806124442,Denver Nuggets,DEN,Oklahoma City Thunder,OKC,DEN
1610612743,1610612761,0.6547826616965103,0.34521733830348966,Denver Nuggets,DEN,Toronto Raptors,TOR,DEN
1610612743,1610612762,0.8988576568556043,0.10114234314439574,Denver Nuggets,DEN,Utah Jazz,UTA,DEN
1610612743,1610612763,0.9130589909450945,0.08694100905490554,Denver Nuggets,DEN,Memphis Grizzlies,MEM,DEN
1610612743,1610612764,0.9125600587767626,0.0874399412232374,Denver Nuggets,DEN,Washington Wizards,WAS,DEN
1610612743,1610612765,0.6187545766532168,0.38124542334678324,Denver Nuggets,DEN,Detroit Pistons,DET,DEN
1610612743,1610612766,0.69707519313053,0.30292480686947,Denver Nuggets,DEN,Charlotte Hornets,CHA,DEN
1610612744,1610612737,0.3960178053217098,0.6039821946782902,Golden State Warriors,GSW,Atlanta Hawks,ATL,ATL
1610612744,1610612738,0.29382653074648857,0.7061734692535114,Golden State Warriors,GSW,Boston Celtics,BOS,BOS
1610612744,1610612739,0.36982123984522824,0.6301787601547717,Golden State Warriors,GSW,Cleveland Cavaliers,CLE,CLE
1610612744,1610612740,0.6384614353479086,0.36153856465209144,Golden State Warriors,GSW,New Orleans Pelicans,NOP,GSW
1610612744,1610612741,0.603676528045917,0.396323471954083,Golden State Warriors,GSW,Chicago Bulls,CHI,GSW
1610612744,1610612742,0.5178053070792863,0.4821946929207137,Golden State Warriors,GSW,Dallas Mavericks,DAL,GSW
1610612744,1610612743,0.24475535652408537,0.7552446434759146,Golden State Warriors,GSW,Denver Nuggets,DEN,DEN
1610612744,1610612745,0.26383749779692395,0.736162502203076,Golden State Warriors,GSW,Houston Rockets,HOU,HOU
1610612744,1610612746,0.40190865340209675,0.5980913465979032,Golden State Warriors,GSW,Los Angeles Clippers,LAC,LAC
1610612744,1610612747,0.35365637157016033,0.6463436284298396,Golden State Warriors,GSW,Los Angeles Lakers,LAL,LAL
1610612744,1610612748,0.43655501606762426,0.5634449839323757,Golden State Warriors,GSW,Miami Heat,MIA,MIA
1610612744,1610612749,0.5578745503059406,0.4421254496940594,Golden State Warriors,GSW,Milwaukee Bucks,MIL,GSW
1610612744,1610612750,0.48450745187806743,0.5154925481219326,Golden State Warriors,GSW,Minnesota Timberwolves,MIN,MIN
1610612744,1610612751,0.5578905231590667,0.44210947684093327,Golden State Warriors,GSW,Brooklyn Nets,BKN,GSW
1610612744,1610612752,0.3107068043328681,0.6892931956671319,Golden State Warriors,GSW,New York Knicks,NYK,NYK
1610612744,1610612753,0.3449313473050968,0.6550686526949032,Golden State Warriors,GSW,Orlando Magic,ORL,ORL
1610612744,1610612754,0.5545502873794386,0.44544971262056143,Golden State Warriors,GSW,Indiana Pacers,IND,GSW
1610612744,1610612755,0.3989650966017974,0.6010349033982025,Golden State Warriors,GSW,Philadelphia 76ers,PHI,PHI
1610612744,1610612756,0.4330966572874245,0.5669033427125755,Golden State Warriors,GSW,Phoenix Suns,PHX,PHX
1610612744,1610612757,0.36840047076093535,0.6315995292390646,Golden State Warriors,GSW,Portland Trail Blazers,POR,POR
1610612744,1610612758,0.5678782177787305,0.4321217822212695,Golden State Warriors,GSW,Sacramento Kings,SAC,GSW
1610612744,1610612759,0.3011509532362444,0.6988490467637556,Golden State Warriors,GSW,San Antonio Spurs,SAS,SAS
1610612744,1610612760,0.34899380685776443,0.6510061931422355,Golden State Warriors,GSW,Oklahoma City Thunder,OKC,OKC
1610612744,1610612761,0.336907199710814,0.663092800289186,Golden State Warriors,GSW,Toronto Raptors,TOR,TOR
1610612744,1610612762,0.7041959081336283,0.2958040918663717,Golden State Warriors,GSW,Utah Jazz,UTA,GSW
1610612744,1610612763,0.7377552781059649,0.26224472189403514,Golden State Warriors,GSW,Memphis Grizzlies,MEM,GSW
1610612744,1610612764,0.7365406066553439,0.26345939334465607,Golden State Warriors,GSW,Washington Wizards,WAS,GSW
1610612744,1610612765,0.3030171871279901,0.6969828128720099,Golden State Warriors,GSW,Detroit Pistons,DET,DET
1610612744,1610612766,0.38134862172884,0.61865137827116,Golden State Warriors,GSW,Charlotte Hornets,CHA,CHA
1610612745,1610612737,0.6889166716034046,0.31108332839659536,Houston Rockets,HOU,Atlanta Hawks,ATL,HOU
1610612745,1610612738,0.5842570068775438,0.4157429931224562,Houston Rockets,HOU,Boston Celtics,BOS,HOU
1610612745,1610612739,0.6646668188407753,0.3353331811592247,Houston Rockets,HOU,Cleveland Cavaliers,CLE,HOU
1610612745,1610612740,0.8564161972961165,0.1435838027038835,Houston Rockets,HOU,New Orleans Pelicans,NOP,HOU
1610612745,1610612741,0.8372561866016305,0.16274381339836952,Houston Rockets,HOU,Chicago Bulls,CHI,HOU
1610612745,1610612742,0.7838756415164214,0.21612435848357858,Houston Rockets,HOU,Dallas Mavericks,DAL,HOU
1610612745,1610612743,0.5225752642131896,0.47742473578681044,Houston Rockets,HOU,Denver Nuggets,DEN,HOU
1610612745,1610612744,0.8029409393551417,0.19705906064485834,Houston Rockets,HOU,Golden State Warriors,GSW,HOU
1610612745,1610612746,0.6941570276066116,0.3058429723933884,Houston Rockets,HOU,Los Angeles Clippers,LAC,HOU
1610612745,1610612747,0.6488844986551191,0.3511155013448809,Houston Rockets,HOU,Los Angeles Lakers,LAL,HOU
1610612745,1610612748,0.7235200123446536,0.2764799876553464,Houston Rockets,HOU,Miami Heat,MIA,HOU
1610612745,1610612749,0.8099500284736242,0.19004997152637582,Houston Rockets,HOU,Milwaukee Bucks,MIL,HOU
1610612745,1610612750,0.7604512421394968,0.23954875786050323,Houston Rockets,HOU,Minnesota Timberwolves,MIN,HOU
1610612745,1610612751,0.809959996734113,0.190040003265887,Houston Rockets,HOU,Brooklyn Nets,BKN,HOU
1610612745,1610612752,0.6035617472522223,0.39643825274777766,Houston Rockets,HOU,New York Knicks,NYK,HOU
1610612745,1610612753,0.6400889918582618,0.35991100814173815,Houston Rockets,HOU,Orlando Magic,ORL,HOU
1610612745,1610612754,0.8078683324605618,0.19213166753943822,Houston Rockets,HOU,Indiana Pacers,IND,HOU
1610612745,1610612755,0.6915479272253907,0.3084520727746093,Houston Rockets,HOU,Philadelphia 76ers,PHI,HOU
1610612745,1610612756,0.7206961106290937,0.27930388937090633,Houston Rockets,HOU,Phoenix Suns,PHX,HOU
1610612745,1610612757,0.6633055943645622,0.33669440563543784,Houston Rockets,HOU,Portland Trail Blazers,POR,HOU
1610612745,1610612758,0.8161299885141812,0.18387001148581883,Houston Rockets,HOU,Sacramento Kings,SAC,HOU
1610612745,1610612759,0.592744317276062,0.407255682723938,Houston Rockets,HOU,San Antonio Spurs,SAS,HOU
1610612745,1610612760,0.644209079782704,0.35579092021729597,Houston Rockets,HOU,Oklahoma City Thunder,OKC,HOU
1610612745,1610612761,0.6318211701518323,0.36817882984816774,Houston Rockets,HOU,Toronto Raptors,TOR,HOU
1610612745,1610612762,0.8893879275832958,0.11061207241670423,Houston Rockets,HOU,Utah Jazz,UTA,HOU
1610612745,1610612763,0.9047780430578597,0.0952219569421403,Houston Rockets,HOU,Memphis Grizzlies,MEM,HOU
1610612745,1610612764,0.9042365728779445,0.09576342712205554,Houston Rockets,HOU,Washington Wizards,WAS,HOU
1610612745,1610612765,0.5948793842574622,0.40512061574253777,Houston Rockets,HOU,Detroit Pistons,DET,HOU
1610612745,1610612766,0.6755327684766991,0.3244672315233009,Houston Rockets,HOU,Charlotte Hornets,CHA,HOU
1610612746,1610612737,0.5410612489136281,0.45893875108637194,Los Angeles Clippers,LAC,Atlanta Hawks,ATL,LAC
1610612746,1610612738,0.42796222869107436,0.5720377713089256,Los Angeles Clippers,LAC,Boston Celtics,BOS,BOS
1610612746,1610612739,0.5134261463172524,0.48657385368274764,Los Angeles Clippers,LAC,Cleveland Cavaliers,CLE,LAC
1610612746,1610612740,0.7604947425474389,0.23950525745256113,Los Angeles Clippers,LAC,New Orleans Pelicans,NOP,LAC
1610612746,1610612741,0.7325323833386076,0.2674676166613924,Los Angeles Clippers,LAC,Chicago Bulls,CHI,LAC
1610612746,1610612742,0.6588003247882144,0.3411996752117856,Los Angeles Clippers,LAC,Dallas Mavericks,DAL,LAC
1610612746,1610612743,0.36816867228561617,0.6318313277143839,Los Angeles Clippers,LAC,Denver Nuggets,DEN,DEN
1610612746,1610612744,0.6844576553549292,0.3155423446450708,Los Angeles Clippers,LAC,Golden State Warriors,GSW,LAC
1610612746,1610612745,0.39188007644274603,0.608119923557254,Los Angeles Clippers,LAC,Houston Rockets,HOU,HOU
1610612746,1610612747,0.495924019232689,0.504075980767311,Los Angeles Clippers,LAC,Los Angeles Lakers,LAL,LAL
1610612746,1610612748,0.5821354902797226,0.41786450972027744,Los Angeles Clippers,LAC,Miami Heat,MIA,LAC
1610612746,1610612749,0.6940753552387674,0.3059246447612326,Los Angeles Clippers,LAC,Milwaukee Bucks,MIL,LAC
1610612746,1610612750,0.628248749028079,0.37175125097192097,Los Angeles Clippers,LAC,Minnesota Timberwolves,MIN,LAC
1610612746,1610612751,0.6940891057134825,0.3059108942865175,Los Angeles Clippers,LAC,Brooklyn Nets,BKN,LAC
1610612746,1610612752,0.44766347436510406,0.552336525634896,Los Angeles Clippers,LAC,New York Knicks,NYK,NYK
1610612746,1610612753,0.48633006528812417,0.5136699347118758,Los Angeles Clippers,LAC,Orlando Magic,ORL,ORL
1610612746,1610612754,0.69120832455255,0.30879167544745,Los Angeles Clippers,LAC,Indiana Pacers,IND,LAC
1610612746,1610612755,0.5441155361418276,0.4558844638581724,Los Angeles Clippers,LAC,Philadelphia 76ers,PHI,LAC
1610612746,1610612756,0.5787083731273605,0.42129162687263955,Los Angeles Clippers,LAC,Phoenix Suns,PHX,LAC
1610612746,1610612757,0.5119018303075513,0.4880981696924487,Los Angeles Clippers,LAC,Portland Trail Blazers,POR,LAC
1610612746,1610612758,0.702639930160584,0.297360069839416,Los Angeles Clippers,LAC,Sacramento Kings,SAC,LAC
1610612746,1610612759,0.4365632420056286,0.5634367579943713,Los Angeles Clippers,LAC,San Antonio Spurs,SAS,SAS
1610612746,1610612760,0.4908101080333783,0.5091898919666217,Los Angeles Clippers,LAC,Oklahoma City Thunder,OKC,OKC
1610612746,1610612761,0.47741384166176876,0.5225861583382312,Los Angeles Clippers,LAC,Toronto Raptors,TOR,TOR
1610612746,1610612762,0.8106225598498951,0.18937744015010494,Los Angeles Clippers,LAC,Utah Jazz,UTA,LAC
1610612746,1610612763,0.8349378633331808,0.16506213666681924,Los Angeles Clippers,LAC,Memphis Grizzlies,MEM,LAC
1610612746,1610612764,0.834072085580162,0.165927914419838,Los Angeles Clippers,LAC,Washington Wizards,WAS,LAC
1610612746,1610612765,0.4387418025016946,0.5612581974983054,Los Angeles Clippers,LAC,Detroit Pistons,DET,DET
1610612746,1610612766,0.5256956758770053,0.4743043241229947,Los Angeles Clippers,LAC,Charlotte Hornets,CHA,LAC
1610612747,1610612737,0.5911908862247679,0.4088091137752321,Los Angeles Lakers,LAL,Atlanta Hawks,ATL,LAL
1610612747,1610612738,0.47853939647964555,0.5214606035203544,Los Angeles Lakers,LAL,Boston Celtics,BOS,BOS
1610612747,1610612739,0.5641427139997567,0.4358572860002433,Los Angeles Lakers,LAL,Cleveland Cavaliers,CLE,LAL
1610612747,1610612740,0.795705851714753,0.20429414828524695,Los Angeles Lakers,LAL,New Orleans Pelicans,NOP,LAL
1610612747,1610612741,0.7706144453788067,0.22938555462119326,Los Angeles Lakers,LAL,Chicago Bulls,CHI,LAL
1610612747,1610612742,0.703125837616286,0.296874162383714,Los Angeles Lakers,LAL,Dallas Mavericks,DAL,LAL
1610612747,1610612743,0.4168285122689453,0.5831714877310548,Los Angeles Lakers,LAL,Denver Nuggets,DEN,DEN
1610612747,1610612744,0.7268320824722286,0.27316791752777136,Los Angeles Lakers,LAL,Golden State Warriors,GSW,LAL
1610612747,1610612745,0.4414840352709458,0.5585159647290542,Los Angeles Lakers,LAL,Houston Rockets,HOU,HOU
1610612747,1610612746,0.5971147449782064,0.4028852550217936,Los Angeles Lakers,LAL,Los Angeles Clippers,LAC,LAL
1610612747,1610612748,0.6308397128043629,0.3691602871956371,Los Angeles Lakers,LAL,Miami Heat,MIA,LAL
1610612747,1610612749,0.7356570279071876,0.26434297209281243,Los Angeles Lakers,LAL,Milwaukee Bucks,MIL,LAL
1610612747,1610612750,0.674582746488758,0.32541725351124196,Los Angeles Lakers,LAL,Minnesota Timberwolves,MIN,LAL
1610612747,1610612751,0.7356696211793917,0.2643303788206083,Los Angeles Lakers,LAL,Brooklyn Nets,BKN,LAL
1610612747,1610612752,0.498539795197863,0.501460204802137,Los Angeles Lakers,LAL,New York Knicks,NYK,NYK
1610612747,1610612753,0.5373258117406401,0.4626741882593599,Los Angeles Lakers,LAL,Orlando Magic,ORL,LAL
1610612747,1610612754,0.7330297965801283,0.26697020341987165,Los Angeles Lakers,LAL,Indiana Pacers,IND,LAL
1610612747,1610612755,0.5941617949705461,0.4058382050294539,Los Angeles Lakers,LAL,Philadelphia 76ers,PHI,LAL
1610612747,1610612756,0.6275564814085798,0.3724435185914202,Los Angeles Lakers,LAL,Phoenix Suns,PHX,LAL
1610612747,1610612757,0.5626419376721364,0.43735806232786356,Los Angeles Lakers,LAL,Portland Trail Blazers,POR,LAL
1610612747,1610612758,0.7434877189553223,0.2565122810446777,Los Angeles Lakers,LAL,Sacramento Kings,SAC,LAL
1610612747,1610612759,0.48729100014337795,0.5127089998566221,Los Angeles Lakers,LAL,San Antonio Spurs,SAS,SAS
1610612747,1610612760,0.541780146682757,0.458219853317243,Los Angeles Lakers,LAL,Oklahoma City Thunder,OKC,LAL
1610612747,1610612761,0.5284364649476496,0.4715635350523504,Los Angeles Lakers,LAL,Toronto Raptors,TOR,LAL
1610612747,1610612762,0.8400144209345463,0.15998557906545374,Los Angeles Lakers,LAL,Utah Jazz,UTA,LAL
1610612747,1610612763,0.8612020914073483,0.13879790859265173,Los Angeles Lakers,LAL,Memphis Grizzlies,MEM,LAL
1610612747,1610612764,0.8604510489941031,0.13954895100589693,Los Angeles Lakers,LAL,Washington Wizards,WAS,LAL
1610612747,1610612765,0.4895027781465205,0.5104972218534796,Los Angeles Lakers,LAL,Detroit Pistons,DET,DET
1610612747,1610612766,0.576189023844258,0.42381097615574204,Los Angeles Lakers,LAL,Charlotte Hornets,CHA,LAL
1610612748,1610612737,0.5053652080158195,0.4946347919841805,Miami Heat,MIA,Atlanta Hawks,ATL,MIA
1610612748,1610612738,0.3933328348472411,0.6066671651527589,Miami Heat,MIA,Boston Celtics,BOS,BOS
1610612748,1610612739,0.4776557493930803,0.5223442506069197,Miami Heat,MIA,Cleveland Cavaliers,CLE,CLE
1610612748,1610612740,0.7334582451431856,0.2665417548568144,Miami Heat,MIA,New Orleans Pelicans,NOP,MIA
1610612748,1610612741,0.7035697306657396,0.2964302693342604,Miami Heat,MIA,Chicago Bulls,CHI,MIA
1610612748,1610612742,0.62593069302676,0.37406930697324003,Miami Heat,MIA,Dallas Mavericks,DAL,MIA
1610612748,1610612743,0.3355395867541971,0.664460413245803,Miami Heat,MIA,Denver Nuggets,DEN,DEN
1610612748,1610612744,0.6527569354687759,0.3472430645312241,Miami Heat,MIA,Golden State Warriors,GSW,MIA
1610612748,1610612745,0.35834138021962847,0.6416586197803715,Miami Heat,MIA,Houston Rockets,HOU,HOU
1610612748,1610612746,0.511505103264436,0.488494896735564,Miami Heat,MIA,Los Angeles Clippers,LAC,MIA
1610612748,1610612747,0.4602196669309614,0.5397803330690386,Miami Heat,MIA,Los Angeles Lakers,LAL,LAL
1610612748,1610612749,0.662864943549974,0.33713505645002595,Miami Heat,MIA,Milwaukee Bucks,MIL,MIA
1610612748,1610612750,0.5942486172690397,0.40575138273096034,Miami Heat,MIA,Minnesota Timberwolves,MIN,MIA
1610612748,1610612751,0.6628794154797619,0.3371205845202381,Miami Heat,MIA,Brooklyn Nets,BKN,MIA
1610612748,1610612752,0.41258972802535104,0.587410271974649,Miami Heat,MIA,New York Knicks,NYK,NYK
1610612748,1610612753,0.4506988543127259,0.5493011456872741,Miami Heat,MIA,Orlando Magic,ORL,ORL
1610612748,1610612754,0.6598487636701034,0.34015123632989663,Miami Heat,MIA,Indiana Pacers,IND,MIA
1610612748,1610612755,0.5084412300473302,0.4915587699526698,Miami Heat,MIA,Philadelphia 76ers,PHI,MIA
1610612748,1610612756,0.5434698068341737,0.4565301931658263,Miami Heat,MIA,Phoenix Suns,PHX,MIA
1610612748,1610612757,0.4761337120375183,0.5238662879624817,Miami Heat,MIA,Portland Trail Blazers,POR,POR
1610612748,1610612758,0.6718902251026483,0.3281097748973517,Miami Heat,MIA,Sacramento Kings,SAC,MIA
1610612748,1610612759,0.40172663974252343,0.5982733602574766,Miami Heat,MIA,San Antonio Spurs,SAS,SAS
1610612748,1610612760,0.45514149767809553,0.5448585023219045,Miami Heat,MIA,Oklahoma City Thunder,OKC,OKC
1610612748,1610612761,0.44187393609611453,0.5581260639038854,Miami Heat,MIA,Toronto Raptors,TOR,TOR
1610612748,1610612762,0.7876647921701646,0.2123352078298354,Miami Heat,MIA,Utah Jazz,UTA,MIA
1610612748,1610612763,0.8142523424778012,0.1857476575221988,Miami Heat,MIA,Memphis Grizzlies,MEM,MIA
1610612748,1610612764,0.813302326885737,0.186697673114263,Miami Heat,MIA,Washington Wizards,WAS,MIA
1610612748,1610612765,0.40385596299906645,0.5961440370009335,Miami Heat,MIA,Detroit Pistons,DET,DET
1610612748,1610612766,0.48993117713395856,0.5100688228660415,Miami Heat,MIA,Charlotte Hornets,CHA,CHA
1610612749,1610612737,0.38582737792817634,0.6141726220718237,Milwaukee Bucks,MIL,Atlanta Hawks,ATL,ATL
1610612749,1610612738,0.285024776614821,0.7149752233851789,Milwaukee Bucks,MIL,Boston Celtics,BOS,BOS
1610612749,1610612739,0.359903225726481,0.6400967742735191,Milwaukee Bucks,MIL,Cleveland Cavaliers,CLE,CLE
1610612749,1610612740,0.6285245090515291,0.3714754909484709,Milwaukee Bucks,MIL,New Orleans Pelicans,NOP,MIL
1610612749,1610612741,0.593392411176298,0.40660758882370196,Milwaukee Bucks,MIL,Chicago Bulls,CHI,MIL
1610612749,1610612742,0.5071122532700219,0.49288774672997815,Milwaukee Bucks,MIL,Dallas Mavericks,DAL,MIL
1610612749,1610612743,0.236930369830277,0.7630696301697231,Milwaukee Bucks,MIL,Denver Nuggets,DEN,DEN
1610612749,1610612744,0.5361448891519164,0.4638551108480836,Milwaukee Bucks,MIL,Golden State Warriors,GSW,MIL
1610612749,1610612745,0.25560891743858805,0.744391082561412,Milwaukee Bucks,MIL,Houston Rockets,HOU,HOU
1610612749,1610612746,0.39166493957375914,0.6083350604262409,Milwaukee Bucks,MIL,Los Angeles Clippers,LAC,LAC
1610612749,1610612747,0.343935271588516,0.656064728411484,Milwaukee Bucks,MIL,Los Angeles Lakers,LAL,LAL
1610612749,1610612748,0.4260573017172524,0.5739426982827476,Milwaukee Bucks,MIL,Miami Heat,MIA,MIA
1610612749,1610612750,0.4738263316148136,0.5261736683851864,Milwaukee Bucks,MIL,Minnesota Timberwolves,MIN,MIN
1610612749,1610612751,0.5473092521959634,0.4526907478040366,Milwaukee Bucks,MIL,Brooklyn Nets,BKN,MIL
1610612749,1610612752,0.3016153643956191,0.6983846356043809,Milwaukee Bucks,MIL,New York Knicks,NYK,NYK
1610612749,1610612753,0.3353256517816023,0.6646743482183977,Milwaukee Bucks,MIL,Orlando Magic,ORL,ORL
1610612749,1610612754,0.5439544223730042,0.4560455776269958,Milwaukee Bucks,MIL,Indiana Pacers,IND,MIL
1610612749,1610612755,0.3887476427833732,0.6112523572166269,Milwaukee Bucks,MIL,Philadelphia 76ers,PHI,PHI
1610612749,1610612756,0.42261972816762133,0.5773802718323786,Milwaukee Bucks,MIL,Phoenix Suns,PHX,PHX
1610612749,1610612757,0.3584988833329144,0.6415011166670856,Milwaukee Bucks,MIL,Portland Trail Blazers,POR,POR
1610612749,1610612758,0.5573463227861909,0.4426536772138091,Milwaukee Bucks,MIL,Sacramento Kings,SAC,MIL
1610612749,1610612759,0.29222058425047565,0.7077794157495243,Milwaukee Bucks,MIL,San Antonio Spurs,SAS,SAS
1610612749,1610612760,0.3393335831285609,0.6606664168714391,Milwaukee Bucks,MIL,Oklahoma City Thunder,OKC,OKC
1610612749,1610612761,0.3274132742627222,0.6725867257372777,Milwaukee Bucks,MIL,Toronto Raptors,TOR,TOR
1610612749,1610612762,0.6952031864427702,0.30479681355722976,Milwaukee Bucks,MIL,Utah Jazz,UTA,MIL
1610612749,1610612763,0.7293907350661243,0.2706092649338757,Milwaukee Bucks,MIL,Memphis Grizzlies,MEM,MIL
1610612749,1610612764,0.7281515965952406,0.27184840340475935,Milwaukee Bucks,MIL,Washington Wizards,WAS,MIL
1610612749,1610612765,0.2940547626664033,0.7059452373335967,Milwaukee Bucks,MIL,Detroit Pistons,DET,DET
1610612749,1610612766,0.3713036115778166,0.6286963884221834,Milwaukee Bucks,MIL,Charlotte Hornets,CHA,CHA
1610612750,1610612737,0.45663757865646126,0.5433624213435387,Minnesota Timberwolves,MIN,Atlanta Hawks,ATL,ATL
1610612750,1610612738,0.3478116471336222,0.6521883528663778,Minnesota Timberwolves,MIN,Boston Celtics,BOS,BOS
1610612750,1610612739,0.4292811269960905,0.5707188730039094,Minnesota Timberwolves,MIN,Cleveland Cavaliers,CLE,CLE
1610612750,1610612740,0.6935761142373374,0.30642388576266255,Minnesota Timberwolves,MIN,New Orleans Pelicans,NOP,MIN
1610612750,1610612741,0.6612807329970775,0.33871926700292254,Minnesota Timberwolves,MIN,Chicago Bulls,CHI,MIN
1610612750,1610612742,0.5791903031148438,0.42080969688515624,Minnesota Timberwolves,MIN,Dallas Mavericks,DAL,MIN
1610612750,1610612743,0.293471393536348,0.706528606463652,Minnesota Timberwolves,MIN,Denver Nuggets,DEN,DEN
1610612750,1610612744,0.6072653517192098,0.3927346482807902,Minnesota Timberwolves,MIN,Golden State Warriors,GSW,MIN
1610612750,1610612745,0.3147686760243231,0.6852313239756769,Minnesota Timberwolves,MIN,Houston Rockets,HOU,HOU
1610612750,1610612746,0.46273929921140716,0.5372607007885928,Minnesota Timberwolves,MIN,Los Angeles Clippers,LAC,LAC
1610612750,1610612747,0.41221734032704893,0.5877826596729511,Minnesota Timberwolves,MIN,Los Angeles Lakers,LAL,LAL
1610612750,1610612748,0.4982609439250401,0.5017390560749599,Minnesota Timberwolves,MIN,Miami Heat,MIA,MIA
1610612750,1610612749,0.6179224792045964,0.3820775207954036,Minnesota Timberwolves,MIN,Milwaukee Bucks,MIL,MIN
1610612750,1610612751,0.6179377683857623,0.3820622316142377,Minnesota Timberwolves,MIN,Brooklyn Nets,BKN,MIN
1610612750,1610612752,0.3661851110367846,0.6338148889632154,Minnesota Timberwolves,MIN,New York Knicks,NYK,NYK
1610612750,1610612753,0.4029482617661975,0.5970517382338025,Minnesota Timberwolves,MIN,Orlando Magic,ORL,ORL
1610612750,1610612754,0.6147379121210977,0.38526208787890226,Minnesota Timberwolves,MIN,Indiana Pacers,IND,MIN
1610612750,1610612755,0.4596926487468907,0.5403073512531094,Minnesota Timberwolves,MIN,Philadelphia 76ers,PHI,PHI
1610612750,1610612756,0.4947429810864084,0.5052570189135916,Minnesota Timberwolves,MIN,Phoenix Suns,PHX,PHX
1610612750,1610612757,0.4277869936066807,0.5722130063933193,Minnesota Timberwolves,MIN,Portland Trail Blazers,POR,POR
1610612750,1610612758,0.6274747419036425,0.3725252580963575,Minnesota Timberwolves,MIN,Sacramento Kings,SAC,MIN
1610612750,1610612759,0.3558037545692307,0.6441962454307693,Minnesota Timberwolves,MIN,San Antonio Spurs,SAS,SAS
1610612750,1610612760,0.40726919988666793,0.592730800113332,Minnesota Timberwolves,MIN,Oklahoma City Thunder,OKC,OKC
1610612750,1610612761,0.3943870273777715,0.6056129726222286,Minnesota Timberwolves,MIN,Toronto Raptors,TOR,TOR
1610612750,1610612762,0.7531638882167231,0.2468361117832769,Minnesota Timberwolves,MIN,Utah Jazz,UTA,MIN
1610612750,1610612763,0.7828806549259004,0.21711934507409958,Minnesota Timberwolves,MIN,Memphis Grizzlies,MEM,MIN
1610612750,1610612764,0.781813181968356,0.21818681803164397,Minnesota Timberwolves,MIN,Washington Wizards,WAS,MIN
1610612750,1610612765,0.3578352541981052,0.6421647458018949,Minnesota Timberwolves,MIN,Detroit Pistons,DET,DET
1610612750,1610612766,0.44136381889674314,0.5586361811032569,Minnesota Timberwolves,MIN,Charlotte Hornets,CHA,CHA
1610612751,1610612737,0.3850812101337997,0.6149187898662003,Brooklyn Nets,BKN,Atlanta Hawks,ATL,ATL
1610612751,1610612738,0.2843832882508662,0.7156167117491339,Brooklyn Nets,BKN,Boston Celtics,BOS,BOS
1610612751,1610612739,0.3591778735259286,0.6408221264740714,Brooklyn Nets,BKN,Cleveland Cavaliers,CLE,CLE
1610612751,1610612740,0.6277887469541229,0.3722112530458771,Brooklyn Nets,BKN,New Orleans Pelicans,NOP,BKN
1610612751,1610612741,0.5926321646960218,0.40736783530397824,Brooklyn Nets,BKN,Chicago Bulls,CHI,BKN
1610612751,1610612742,0.506324897481851,0.49367510251814894,Brooklyn Nets,BKN,Dallas Mavericks,DAL,BKN
1610612751,1610612743,0.2363613409175773,0.7636386590824227,Brooklyn Nets,BKN,Denver Nuggets,DEN,DEN
1610612751,1610612744,0.5353614177746526,0.4646385822253474,Brooklyn Nets,BKN,Golden State Warriors,GSW,BKN
1610612751,1610612745,0.2550100204527476,0.7449899795472523,Brooklyn Nets,BKN,Houston Rockets,HOU,HOU
1610612751,1610612746,0.3909146679298751,0.6090853320701248,Brooklyn Nets,BKN,Los Angeles Clippers,LAC,LAC
1610612751,1610612747,0.343224845131204,0.656775154868796,Brooklyn Nets,BKN,Los Angeles Lakers,LAL,LAL
1610612751,1610612748,0.4252872062401041,0.5747127937598959,Brooklyn Nets,BKN,Miami Heat,MIA,MIA
1610612751,1610612749,0.5465126389120532,0.45348736108794685,Brooklyn Nets,BKN,Milwaukee Bucks,MIL,BKN
1610612751,1610612750,0.47304105680502956,0.5269589431949704,Brooklyn Nets,BKN,Minnesota Timberwolves,MIN,MIN
1610612751,1610612752,0.30095225375670365,0.6990477462432964,Brooklyn Nets,BKN,New York Knicks,NYK,NYK
1610612751,1610612753,0.3346239385844467,0.6653760614155533,Brooklyn Nets,BKN,Orlando Magic,ORL,ORL
1610612751,1610612754,0.543172902431724,0.456827097568276,Brooklyn Nets,BKN,Indiana Pacers,IND,BKN
1610612751,1610612755,0.38799939521357296,0.612000604786427,Brooklyn Nets,BKN,Philadelphia 76ers,PHI,PHI
1610612751,1610612756,0.42185127920185056,0.5781487207981495,Brooklyn Nets,BKN,Phoenix Suns,PHX,PHX
1610612751,1610612757,0.35777477947922837,0.6422252205207717,Brooklyn Nets,BKN,Portland Trail Blazers,POR,POR
1610612751,1610612758,0.5565690439493794,0.44343095605062055,Brooklyn Nets,BKN,Sacramento Kings,SAC,BKN
1610612751,1610612759,0.29156950516146607,0.7084304948385339,Brooklyn Nets,BKN,San Antonio Spurs,SAS,SAS
1610612751,1610612760,0.33862775574572634,0.6613722442542737,Brooklyn Nets,BKN,Oklahoma City Thunder,OKC,OKC
1610612751,1610612761,0.3267199798427127,0.6732800201572873,Brooklyn Nets,BKN,Toronto Raptors,TOR,TOR
1610612751,1610612762,0.6945353063948616,0.3054646936051384,Brooklyn Nets,BKN,Utah Jazz,UTA,BKN
1610612751,1610612763,0.7287685408094602,0.2712314591905398,Brooklyn Nets,BKN,Memphis Grizzlies,MEM,BKN
1610612751,1610612764,0.7275276175715382,0.27247238242846183,Brooklyn Nets,BKN,Washington Wizards,WAS,BKN
1610612751,1610612765,0.29340129101422097,0.706598708985779,Brooklyn Nets,BKN,Detroit Pistons,DET,DET
1610612751,1610612766,0.37056858459276787,0.6294314154072321,Brooklyn Nets,BKN,Charlotte Hornets,CHA,CHA
1610612752,1610612737,0.6367687974750217,0.3632312025249783,New York Knicks,NYK,Atlanta Hawks,ATL,NYK
1610612752,1610612738,0.5266201238160408,0.47337987618395916,New York Knicks,NYK,Boston Celtics,BOS,NYK
1610612752,1610612739,0.6107507025357772,0.38924929746422277,New York Knicks,NYK,Cleveland Cavaliers,CLE,NYK
1610612752,1610612740,0.8252233474184897,0.17477665258151032,New York Knicks,NYK,New Orleans Pelicans,NOP,NYK
1610612752,1610612741,0.8028590802611553,0.19714091973884473,New York Knicks,NYK,Chicago Bulls,CHI,NYK
1610612752,1610612742,0.7416771695456427,0.25832283045435733,New York Knicks,NYK,Dallas Mavericks,DAL,NYK
1610612752,1610612743,0.46422873428021094,0.5357712657197891,New York Knicks,NYK,Denver Nuggets,DEN,DEN
1610612752,1610612744,0.7633411235900907,0.23665887640990935,New York Knicks,NYK,Golden State Warriors,GSW,NYK
1610612752,1610612745,0.4893353967285703,0.5106646032714297,New York Knicks,NYK,Houston Rockets,HOU,HOU
1610612752,1610612746,0.6424316652014969,0.35756833479850314,New York Knicks,NYK,Los Angeles Clippers,LAC,NYK
1610612752,1610612747,0.5939809266502295,0.4060190733497705,New York Knicks,NYK,Los Angeles Lakers,LAL,NYK
1610612752,1610612748,0.6744315237849305,0.32556847621506946,New York Knicks,NYK,Miami Heat,MIA,NYK
1610612752,1610612749,0.7713576371360258,0.2286423628639742,New York Knicks,NYK,Milwaukee Bucks,MIL,NYK
1610612752,1610612750,0.715340024878168,0.28465997512183205,New York Knicks,NYK,Minnesota Timberwolves,MIN,NYK
1610612752,1610612751,0.7713690582091792,0.22863094179082077,New York Knicks,NYK,Brooklyn Nets,BKN,NYK
1610612752,1610612753,0.5846903458355941,0.4153096541644059,New York Knicks,NYK,Orlando Magic,ORL,NYK
1610612752,1610612754,0.7689737968340754,0.2310262031659246,New York Knicks,NYK,Indiana Pacers,IND,NYK
1610612752,1610612755,0.6396103957634028,0.36038960423659716,New York Knicks,NYK,Philadelphia 76ers,PHI,NYK
1610612752,1610612756,0.6713339997352541,0.3286660002647459,New York Knicks,NYK,Phoenix Suns,PHX,NYK
1610612752,1610612757,0.6092992659940084,0.3907007340059916,New York Knicks,NYK,Portland Trail Blazers,POR,NYK
1610612752,1610612758,0.77844925835347,0.22155074164653,New York Knicks,NYK,Sacramento Kings,SAC,NYK
1610612752,1610612759,0.5353483094700404,0.4646516905299596,New York Knicks,NYK,San Antonio Spurs,SAS,NYK
1610612752,1610612760,0.5890374439466193,0.4109625560533807,New York Knicks,NYK,Oklahoma City Thunder,OKC,NYK
1610612752,1610612761,0.5759929153289292,0.42400708467107084,New York Knicks,NYK,Toronto Raptors,TOR,NYK
1610612752,1610612762,0.8642223940451322,0.13577760595486776,New York Knicks,NYK,Utah Jazz,UTA,NYK
1610612752,1610612763,0.8826519524685582,0.11734804753144179,New York Knicks,NYK,Memphis Grizzlies,MEM,NYK
1610612752,1610612764,0.882001073326404,0.11799892667359602,New York Knicks,NYK,Washington Wizards,WAS,NYK
1610612752,1610612765,0.5375495192414677,0.46245048075853235,New York Knicks,NYK,Detroit Pistons,DET,NYK
1610612752,1610612766,0.6223711275575547,0.37762887244244525,New York Knicks,NYK,Charlotte Hornets,CHA,NYK
1610612753,1610612737,0.6010654104561686,0.39893458954383143,Orlando Magic,ORL,Atlanta Hawks,ATL,ORL
1610612753,1610612738,0.4887820052862103,0.5112179947137897,Orlando Magic,ORL,Boston Celtics,BOS,BOS
1610612753,1610612739,0.5742000134923291,0.4257999865076709,Orlando Magic,ORL,Cleveland Cavaliers,CLE,ORL
1610612753,1610612740,0.8022924703377681,0.19770752966223193,Orlando Magic,ORL,New Orleans Pelicans,NOP,ORL
1610612753,1610612741,0.7777841127468041,0.22221588725319585,Orlando Magic,ORL,Chicago Bulls,CHI,ORL
1610612753,1610612742,0.7116155248389552,0.2883844751610448,Orlando Magic,ORL,Dallas Mavericks,DAL,ORL
1610612753,1610612743,0.42683142649324757,0.5731685735067524,Orlando Magic,ORL,Denver Nuggets,DEN,DEN
1610612753,1610612744,0.7348994433496181,0.2651005566503819,Orlando Magic,ORL,Golden State Warriors,GSW,ORL
1610612753,1610612745,0.4516204188142776,0.5483795811857224,Orlando Magic,ORL,Houston Rockets,HOU,HOU
1610612753,1610612746,0.6069413149003801,0.39305868509961994,Orlando Magic,ORL,Los Angeles Clippers,LAC,ORL
1610612753,1610612747,0.5569977342362241,0.4430022657637759,Orlando Magic,ORL,Los Angeles Lakers,LAL,ORL
1610612753,1610612748,0.640339172845192,0.35966082715480796,Orlando Magic,ORL,Miami Heat,MIA,ORL
1610612753,1610612749,0.7435557195850043,0.2564442804149957,Orlando Magic,ORL,Milwaukee Bucks,MIL,ORL
1610612753,1610612750,0.683521284525865,0.316478715474135,Orlando Magic,ORL,Minnesota Timberwolves,MIN,ORL
1610612753,1610612751,0.7435680677307739,0.2564319322692261,Orlando Magic,ORL,Brooklyn Nets,BKN,ORL
1610612753,1610612752,0.508792803475206,0.49120719652479405,Orlando Magic,ORL,New York Knicks,NYK,ORL
1610612753,1610612754,0.7409793507347748,0.25902064926522517,Orlando Magic,ORL,Indiana Pacers,IND,ORL
1610612753,1610612755,0.6040126248509534,0.3959873751490466,Orlando Magic,ORL,Philadelphia 76ers,PHI,ORL
1610612753,1610612756,0.6370918245735678,0.36290817542643217,Orlando Magic,ORL,Phoenix Suns,PHX,ORL
1610612753,1610612757,0.5727076377583655,0.42729236224163447,Orlando Magic,ORL,Portland Trail Blazers,POR,ORL
1610612753,1610612758,0.7512315497681749,0.24876845023182514,Orlando Magic,ORL,Sacramento Kings,SAC,ORL
1610612753,1610612759,0.4975422008892272,0.5024577991107728,Orlando Magic,ORL,San Antonio Spurs,SAS,SAS
1610612753,1610612760,0.5519436281694248,0.44805637183057523,Orlando Magic,ORL,Oklahoma City Thunder,OKC,ORL
1610612753,1610612761,0.5386438810676577,0.4613561189323423,Orlando Magic,ORL,Toronto Raptors,TOR,ORL
1610612753,1610612762,0.8454499599810821,0.15455004001891792,Orlando Magic,ORL,Utah Jazz,UTA,ORL
1610612753,1610612763,0.8660325796216288,0.13396742037837117,Orlando Magic,ORL,Memphis Grizzlies,MEM,ORL
1610612753,1610612764,0.8653035871023491,0.13469641289765089,Orlando Magic,ORL,Washington Wizards,WAS,ORL
1610612753,1610612765,0.49975515448173924,0.5002448455182608,Orlando Magic,ORL,Detroit Pistons,DET,DET
1610612753,1610612766,0.5861722598141943,0.4138277401858057,Orlando Magic,ORL,Charlotte Hornets,CHA,ORL
1610612754,1610612737,0.38915617008214265,0.6108438299178574,Indiana Pacers,IND,Atlanta Hawks,ATL,ATL
1610612754,1610612738,0.2878915423438883,0.7121084576561116,Indiana Pacers,IND,Boston Celtics,BOS,BOS
1610612754,1610612739,0.3631405987947279,0.6368594012052722,Indiana Pacers,IND,Cleveland Cavaliers,CLE,CLE
1610612754,1610612740,0.6317932269165366,0.3682067730834634,Indiana Pacers,IND,New Orleans Pelicans,NOP,IND
1610612754,1610612741,0.5967719401971595,0.4032280598028405,Indiana Pacers,IND,Chicago Bulls,CHI,IND
1610612754,1610612742,0.5106174791083555,0.48938252089164447,Indiana Pacers,IND,Dallas Mavericks,DAL,IND
1610612754,1610612743,0.2394754263404605,0.7605245736595395,Indiana Pacers,IND,Denver Nuggets,DEN,DEN
1610612754,1610612744,0.5396310836200195,0.46036891637998045,Indiana Pacers,IND,Golden State Warriors,GSW,IND
1610612754,1610612745,0.2582867012583511,0.7417132987416488,Indiana Pacers,IND,Houston Rockets,HOU,HOU
1610612754,1610612746,0.39501170378425243,0.6049882962157476,Indiana Pacers,IND,Los Angeles Clippers,LAC,LAC
1610612754,1610612747,0.34710689957643,0.6528931004235701,Indiana Pacers,IND,Los Angeles Lakers,LAL,LAL
1610612754,1610612748,0.42949046426802506,0.5705095357319749,Indiana Pacers,IND,Miami Heat,MIA,MIA
1610612754,1610612749,0.5507658195470547,0.4492341804529453,Indiana Pacers,IND,Milwaukee Bucks,MIL,IND
1610612754,1610612750,0.4773242925394984,0.5226757074605016,Indiana Pacers,IND,Minnesota Timberwolves,MIN,MIN
1610612754,1610612751,0.5507818424206525,0.44921815757934747,Indiana Pacers,IND,Brooklyn Nets,BKN,IND
1610612754,1610612752,0.3045779123399548,0.6954220876600452,Indiana Pacers,IND,New York Knicks,NYK,NYK
1610612754,1610612753,0.33845884437447693,0.6615411556255231,Indiana Pacers,IND,Orlando Magic,ORL,ORL
1610612754,1610612755,0.3920855455737203,0.6079144544262798,Indiana Pacers,IND,Philadelphia 76ers,PHI,PHI
1610612754,1610612756,0.42604575284201196,0.573954247157988,Indiana Pacers,IND,Phoenix Suns,PHX,PHX
1610612754,1610612757,0.3617307628827462,0.6382692371172538,Indiana Pacers,IND,Portland Trail Blazers,POR,POR
1610612754,1610612758,0.5608037038991304,0.43919629610086963,Indiana Pacers,IND,Sacramento Kings,SAC,IND
1610612754,1610612759,0.29512984984104,0.70487015015896,Indiana Pacers,IND,San Antonio Spurs,SAS,SAS
1610612754,1610612760,0.3424849284930549,0.6575150715069451,Indiana Pacers,IND,Oklahoma City Thunder,OKC,OKC
1610612754,1610612761,0.3305092979801577,0.6694907020198423,Indiana Pacers,IND,Toronto Raptors,TOR,TOR
1610612754,1610612762,0.698166939449851,0.301833060550149,Indiana Pacers,IND,Utah Jazz,UTA,IND
1610612754,1610612763,0.7321501379616012,0.2678498620383988,Indiana Pacers,IND,Memphis Grizzlies,MEM,IND
1610612754,1610612764,0.7309189736000703,0.2690810263999297,Indiana Pacers,IND,Washington Wizards,WAS,IND
1610612754,1610612765,0.2969746269353523,0.7030253730646476,Indiana Pacers,IND,Detroit Pistons,DET,DET
1610612754,1610612766,0.3745835216723086,0.6254164783276914,Indiana Pacers,IND,Charlotte Hornets,CHA,CHA
1610612755,1610612737,0.5441509392875961,0.45584906071240394,Philadelphia 76ers,PHI,Atlanta Hawks,ATL,PHI
1610612755,1610612738,0.43101261989158934,0.5689873801084107,Philadelphia 76ers,PHI,Boston Celtics,BOS,BOS
1610612755,1610612739,0.5165356416489175,0.4834643583510825,Philadelphia 76ers,PHI,Cleveland Cavaliers,CLE,PHI
1610612755,1610612740,0.7627549115332029,0.23724508846679715,Philadelphia 76ers,PHI,New Orleans Pelicans,NOP,PHI
1610612755,1610612741,0.7349644663694743,0.2650355336305257,Philadelphia 76ers,PHI,Chicago Bulls,CHI,PHI
1610612755,1610612742,0.6615931286880807,0.33840687131191927,Philadelphia 76ers,PHI,Dallas Mavericks,DAL,PHI
1610612755,1610612743,0.37106933389662555,0.6289306661033744,Philadelphia 76ers,PHI,Denver Nuggets,DEN,DEN
1610612755,1610612744,0.6871401807386247,0.3128598192613753,Philadelphia 76ers,PHI,Golden State Warriors,GSW,PHI
1610612755,1610612745,0.3948508059381758,0.6051491940618242,Philadelphia 76ers,PHI,Houston Rockets,HOU,HOU
1610612755,1610612746,0.550237863102798,0.449762136897202,Philadelphia 76ers,PHI,Los Angeles Clippers,LAC,PHI
1610612755,1610612747,0.49903622947059123,0.5009637705294088,Philadelphia 76ers,PHI,Los Angeles Lakers,LAL,LAL
1610612755,1610612748,0.5851606719766046,0.4148393280233954,Philadelphia 76ers,PHI,Miami Heat,MIA,PHI
1610612755,1610612749,0.6967123472788311,0.30328765272116887,Philadelphia 76ers,PHI,Milwaukee Bucks,MIL,PHI
1610612755,1610612750,0.6311516149942196,0.36884838500578043,Philadelphia 76ers,PHI,Minnesota Timberwolves,MIN,PHI
1610612755,1610612751,0.6967260310173394,0.30327396898266057,Philadelphia 76ers,PHI,Brooklyn Nets,BKN,PHI
1610612755,1610612752,0.4507436410520003,0.5492563589479997,Philadelphia 76ers,PHI,New York Knicks,NYK,NYK
1610612755,1610612753,0.4894405274448819,0.5105594725551181,Philadelphia 76ers,PHI,Orlando Magic,ORL,ORL
1610612755,1610612754,0.6938591292887711,0.30614087071122886,Philadelphia 76ers,PHI,Indiana Pacers,IND,PHI
1610612755,1610612756,0.5817405393397175,0.4182594606602825,Philadelphia 76ers,PHI,Phoenix Suns,PHX,PHI
1610612755,1610612757,0.5150118651962973,0.48498813480370273,Philadelphia 76ers,PHI,Portland Trail Blazers,POR,PHI
1610612755,1610612758,0.7052344501218537,0.2947655498781463,Philadelphia 76ers,PHI,Sacramento Kings,SAC,PHI
1610612755,1610612759,0.43962782363846953,0.5603721763615305,Philadelphia 76ers,PHI,San Antonio Spurs,SAS,SAS
1610612755,1610612760,0.4939216717819871,0.5060783282180129,Philadelphia 76ers,PHI,Oklahoma City Thunder,OKC,OKC
1610612755,1610612761,0.4805206236719621,0.5194793763280379,Philadelphia 76ers,PHI,Toronto Raptors,TOR,TOR
1610612755,1610612762,0.8125262949333972,0.18747370506660277,Philadelphia 76ers,PHI,Utah Jazz,UTA,PHI
1610612755,1610612763,0.8366464234668399,0.16335357653316007,Philadelphia 76ers,PHI,Memphis Grizzlies,MEM,PHI
1610612755,1610612764,0.8357878448439626,0.16421215515603738,Philadelphia 76ers,PHI,Washington Wizards,WAS,PHI
1610612755,1610612765,0.4418096853869378,0.5581903146130622,Philadelphia 76ers,PHI,Detroit Pistons,DET,DET
1610612755,1610612766,0.5287987226986082,0.47120127730139183,Philadelphia 76ers,PHI,Charlotte Hornets,CHA,PHI
1610612756,1610612737,0.5093729868548758,0.49062701314512425,Phoenix Suns,PHX,Atlanta Hawks,ATL,PHX
1610612756,1610612738,0.39716553836838603,0.6028344616316139,Phoenix Suns,PHX,Boston Celtics,BOS,BOS
1610612756,1610612739,0.4816577629964918,0.5183422370035082,Phoenix Suns,PHX,Cleveland Cavaliers,CLE,CLE
1610612756,1610612740,0.7365812242186954,0.26341877578130457,Phoenix Suns,PHX,New Orleans Pelicans,NOP,PHX
1610612756,1610612741,0.7069029625523067,0.29309703744769333,Phoenix Suns,PHX,Chicago Bulls,CHI,PHX
1610612756,1610612742,0.629677431503767,0.370322568496233,Phoenix Suns,PHX,Dallas Mavericks,DAL,PHX
1610612756,1610612743,0.33912393945683195,0.660876060543168,Phoenix Suns,PHX,Denver Nuggets,DEN,DEN
1610612756,1610612744,0.6563824841504462,0.3436175158495538,Phoenix Suns,PHX,Golden State Warriors,GSW,PHX
1610612756,1610612745,0.36203659496090973,0.6379634050390903,Phoenix Suns,PHX,Houston Rockets,HOU,HOU
1610612756,1610612746,0.5155108270519108,0.48448917294808924,Phoenix Suns,PHX,Los Angeles Clippers,LAC,PHX
1610612756,1610612747,0.46420542048219016,0.5357945795178098,Phoenix Suns,PHX,Los Angeles Lakers,LAL,LAL
1610612756,1610612748,0.5509294097169373,0.44907059028306273,Phoenix Suns,PHX,Miami Heat,MIA,PHX
1610612756,1610612749,0.6664388848955219,0.33356111510447806,Phoenix Suns,PHX,Milwaukee Bucks,MIL,PHX
1610612756,1610612750,0.5981089387984472,0.4018910612015528,Phoenix Suns,PHX,Minnesota Timberwolves,MIN,PHX
1610612756,1610612751,0.6664532806067626,0.33354671939323743,Phoenix Suns,PHX,Brooklyn Nets,BKN,PHX
1610612756,1610612752,0.41648125616120313,0.5835187438387969,Phoenix Suns,PHX,New York Knicks,NYK,NYK
1610612756,1610612753,0.4546716068770962,0.5453283931229038,Phoenix Suns,PHX,Orlando Magic,ORL,ORL
1610612756,1610612754,0.6634384447456104,0.3365615552543896,Phoenix Suns,PHX,Indiana Pacers,IND,PHX
1610612756,1610612755,0.5124481303727497,0.4875518696272503,Phoenix Suns,PHX,Philadelphia 76ers,PHI,PHX
1610612756,1610612757,0.4801346951532074,0.5198653048467926,Phoenix Suns,PHX,Portland Trail Blazers,POR,POR
1610612756,1610612758,0.6754153399138203,0.3245846600861797,Phoenix Suns,PHX,Sacramento Kings,SAC,PHX
1610612756,1610612759,0.4055864529079201,0.5944135470920799,Phoenix Suns,PHX,San Antonio Spurs,SAS,SAS
1610612756,1610612760,0.45912067931737727,0.5408793206826228,Phoenix Suns,PHX,Oklahoma City Thunder,OKC,OKC
1610612756,1610612761,0.4458320360178001,0.5541679639821999,Phoenix Suns,PHX,Toronto Raptors,TOR,TOR
1610612756,1610612762,0.7903342063800436,0.2096657936199564,Phoenix Suns,PHX,Utah Jazz,UTA,PHX
1610612756,1610612763,0.8166653052892334,0.18333469471076658,Phoenix Suns,PHX,Memphis Grizzlies,MEM,PHX
1610612756,1610612764,0.8157248379479701,0.18427516205202987,Phoenix Suns,PHX,Washington Wizards,WAS,PHX
1610612756,1610612765,0.40772229228291684,0.5922777077170831,Phoenix Suns,PHX,Detroit Pistons,DET,DET
1610612756,1610612766,0.49393878374353334,0.5060612162564666,Phoenix Suns,PHX,Charlotte Hornets,CHA,CHA
1610612757,1610612737,0.5760302328403556,0.4239697671596444,Portland Trail Blazers,POR,Atlanta Hawks,ATL,POR
1610612757,1610612738,0.46299583072444384,0.5370041692755562,Portland Trail Blazers,POR,Boston Celtics,BOS,BOS
1610612757,1610612739,0.5487446306667358,0.45125536933326416,Portland Trail Blazers,POR,Cleveland Cavaliers,CLE,POR
1610612757,1610612740,0.7853761986779321,0.21462380132206793,Portland Trail Blazers,POR,New Orleans Pelicans,NOP,POR
1610612757,1610612741,0.7593997218805717,0.2406002781194283,Portland Trail Blazers,POR,Chicago Bulls,CHI,POR
1610612757,1610612742,0.689939163575008,0.31006083642499205,Portland Trail Blazers,POR,Dallas Mavericks,DAL,POR
1610612757,1610612743,0.4017451220635671,0.598254877936433,Portland Trail Blazers,POR,Denver Nuggets,DEN,DEN
1610612757,1610612744,0.7142704964983867,0.2857295035016133,Portland Trail Blazers,POR,Golden State Warriors,GSW,POR
1610612757,1610612745,0.42616043582610585,0.5738395641738941,Portland Trail Blazers,POR,Houston Rockets,HOU,HOU
1610612757,1610612746,0.5820184559791431,0.41798154402085685,Portland Trail Blazers,POR,Los Angeles Clippers,LAC,POR
1610612757,1610612747,0.5313533048955501,0.4686466951044499,Portland Trail Blazers,POR,Los Angeles Lakers,LAL,POR
1610612757,1610612748,0.6161948564702188,0.38380514352978123,Portland Trail Blazers,POR,Miami Heat,MIA,POR
1610612757,1610612749,0.7233467913221521,0.27665320867784793,Portland Trail Blazers,POR,Milwaukee Bucks,MIL,POR
1610612757,1610612750,0.6607399693885169,0.33926003061148313,Portland Trail Blazers,POR,Minnesota Timberwolves,MIN,POR
1610612757,1610612751,0.7233597505179344,0.27664024948206556,Portland Trail Blazers,POR,Brooklyn Nets,BKN,POR
1610612757,1610612752,0.4829482505565411,0.5170517494434589,Portland Trail Blazers,POR,New York Knicks,NYK,NYK
1610612757,1610612753,0.5217834280875957,0.4782165719124043,Portland Trail Blazers,POR,Orlando Magic,ORL,POR
1610612757,1610612754,0.7206436720677227,0.27935632793227727,Portland Trail Blazers,POR,Indiana Pacers,IND,POR
1610612757,1610612755,0.5790328649394422,0.42096713506055783,Portland Trail Blazers,POR,Philadelphia 76ers,PHI,POR
1610612757,1610612756,0.6128613086286008,0.3871386913713992,Portland Trail Blazers,POR,Phoenix Suns,PHX,POR
1610612757,1610612758,0.7314090093577967,0.26859099064220326,Portland Trail Blazers,POR,Sacramento Kings,SAC,POR
1610612757,1610612759,0.4717203195288116,0.5282796804711885,Portland Trail Blazers,POR,San Antonio Spurs,SAS,SAS
1610612757,1610612760,0.5262554688801515,0.4737445311198485,Portland Trail Blazers,POR,Oklahoma City Thunder,OKC,POR
1610612757,1610612761,0.5128661874104321,0.4871338125895679,Portland Trail Blazers,POR,Toronto Raptors,TOR,POR
1610612757,1610612762,0.8314505652114831,0.16854943478851692,Portland Trail Blazers,POR,Utah Jazz,UTA,POR
1610612757,1610612763,0.8535746913888794,0.14642530861112057,Portland Trail Blazers,POR,Memphis Grizzlies,MEM,POR
1610612757,1610612764,0.8527894316514467,0.14721056834855328,Portland Trail Blazers,POR,Washington Wizards,WAS,POR
1610612757,1610612765,0.47392675160793657,0.5260732483920634,Portland Trail Blazers,POR,Detroit Pistons,DET,DET
1610612757,1610612766,0.5608852585127486,0.4391147414872514,Portland Trail Blazers,POR,Charlotte Hornets,CHA,POR
1610612758,1610612737,0.3760799836709882,0.6239200163290117,Sacramento Kings,SAC,Atlanta Hawks,ATL,ATL
1610612758,1610612738,0.2766767930490708,0.7233232069509292,Sacramento Kings,SAC,Boston Celtics,BOS,BOS
1610612758,1610612739,0.3504370722367285,0.6495629277632715,Sacramento Kings,SAC,Cleveland Cavaliers,CLE,CLE
1610612758,1610612740,0.6188235458872389,0.38117645411276113,Sacramento Kings,SAC,New Orleans Pelicans,NOP,SAC
1610612758,1610612741,0.5833821257969711,0.41661787420302887,Sacramento Kings,SAC,Chicago Bulls,CHI,SAC
1610612758,1610612742,0.49677918561243484,0.5032208143875652,Sacramento Kings,SAC,Dallas Mavericks,DAL,DAL
1610612758,1610612743,0.22953877605736397,0.770461223942636,Sacramento Kings,SAC,Denver Nuggets,DEN,DEN
1610612758,1610612744,0.5258513853636536,0.4741486146363464,Sacramento Kings,SAC,Golden State Warriors,GSW,SAC
1610612758,1610612745,0.24782385447415203,0.752176145525848,Sacramento Kings,SAC,Houston Rockets,HOU,HOU
1610612758,1610612746,0.3818617617817159,0.6181382382182841,Sacramento Kings,SAC,Los Angeles Clippers,LAC,LAC
1610612758,1610612747,0.3346695187971151,0.6653304812028848,Sacramento Kings,SAC,Los Angeles Lakers,LAL,LAL
1610612758,1610612748,0.4159819349140172,0.5840180650859828,Sacramento Kings,SAC,Miami Heat,MIA,MIA
1610612758,1610612749,0.5370334703431021,0.4629665296568979,Sacramento Kings,SAC,Milwaukee Bucks,MIL,SAC
1610612758,1610612750,0.46353365697971227,0.5364663430202877,Sacramento Kings,SAC,Minnesota Timberwolves,MIN,MIN
1610612758,1610612751,0.53704957131042,0.46295042868958003,Sacramento Kings,SAC,Brooklyn Nets,BKN,SAC
1610612758,1610612752,0.29298058245386965,0.7070194175461304,Sacramento Kings,SAC,New York Knicks,NYK,NYK
1610612758,1610612753,0.3261765283947178,0.6738234716052822,Sacramento Kings,SAC,Orlando Magic,ORL,ORL
1610612758,1610612754,0.533683489841925,0.46631651015807496,Sacramento Kings,SAC,Indiana Pacers,IND,SAC
1610612758,1610612755,0.3789719954491075,0.6210280045508925,Sacramento Kings,SAC,Philadelphia 76ers,PHI,PHI
1610612758,1610612756,0.41256721808210994,0.5874327819178901,Sacramento Kings,SAC,Phoenix Suns,PHX,PHX
1610612758,1610612757,0.34904952479141305,0.650950475208587,Sacramento Kings,SAC,Portland Trail Blazers,POR,POR
1610612758,1610612759,0.2837454858531576,0.7162545141468424,Sacramento Kings,SAC,San Antonio Spurs,SAS,SAS
1610612758,1610612760,0.3301294197305263,0.6698705802694738,Sacramento Kings,SAC,Oklahoma City Thunder,OKC,OKC
1610612758,1610612761,0.31837662702081654,0.6816233729791834,Sacramento Kings,SAC,Toronto Raptors,TOR,TOR
1610612758,1610612762,0.6863746338670853,0.3136253661329147,Sacramento Kings,SAC,Utah Jazz,UTA,SAC
1610612758,1610612763,0.7211552479884833,0.2788447520115167,Sacramento Kings,SAC,Memphis Grizzlies,MEM,SAC
1610612758,1610612764,0.7198928807158314,0.28010711928416865,Sacramento Kings,SAC,Washington Wizards,WAS,SAC
1610612758,1610612765,0.28554793002115825,0.7144520699788417,Sacramento Kings,SAC,Detroit Pistons,DET,DET
1610612758,1610612766,0.3617070468792372,0.6382929531207628,Sacramento Kings,SAC,Charlotte Hornets,CHA,CHA
1610612759,1610612737,0.647796354194501,0.352203645805499,San Antonio Spurs,SAS,Atlanta Hawks,ATL,SAS
1610612759,1610612738,0.5385684860751367,0.46143151392486326,San Antonio Spurs,SAS,Boston Celtics,BOS,SAS
1610612759,1610612739,0.6220993801298036,0.3779006198701964,San Antonio Spurs,SAS,Cleveland Cavaliers,CLE,SAS
1610612759,1610612740,0.8320386409503004,0.16796135904969955,San Antonio Spurs,SAS,New Orleans Pelicans,NOP,SAS
1610612759,1610612741,0.8103460303788598,0.18965396962114023,San Antonio Spurs,SAS,Chicago Bulls,CHI,SAS
1610612759,1610612742,0.7507663609297301,0.24923363907026985,San Antonio Spurs,SAS,Dallas Mavericks,DAL,SAS
1610612759,1610612743,0.4761854863686362,0.5238145136313638,San Antonio Spurs,SAS,Denver Nuggets,DEN,DEN
1610612759,1610612744,0.7719024861724967,0.22809751382750332,San Antonio Spurs,SAS,Golden State Warriors,GSW,SAS
1610612759,1610612745,0.5013337133636887,0.4986662866363113,San Antonio Spurs,SAS,Houston Rockets,HOU,SAS
1610612759,1610612746,0.6533808838464406,0.34661911615355945,San Antonio Spurs,SAS,Los Angeles Clippers,LAC,SAS
1610612759,1610612747,0.6055027228315863,0.39449727716841365,San Antonio Spurs,SAS,Los Angeles Lakers,LAL,SAS
1610612759,1610612748,0.6848815032345635,0.31511849676543646,San Antonio Spurs,SAS,Miami Heat,MIA,SAS
1610612759,1610612749,0.7797126851827028,0.22028731481729724,San Antonio Spurs,SAS,Milwaukee Bucks,MIL,SAS
1610612759,1610612750,0.725012317890677,0.274987682109323,San Antonio Spurs,SAS,Minnesota Timberwolves,MIN,SAS
1610612759,1610612751,0.7797238080891346,0.22027619191086545,San Antonio Spurs,SAS,Brooklyn Nets,BKN,SAS
1610612759,1610612752,0.558391201111324,0.441608798888676,San Antonio Spurs,SAS,New York Knicks,NYK,SAS
1610612759,1610612753,0.5962965982315455,0.40370340176845454,San Antonio Spurs,SAS,Orlando Magic,ORL,SAS
1610612759,1610612754,0.7773908156568149,0.2226091843431851,San Antonio Spurs,SAS,Indiana Pacers,IND,SAS
1610612759,1610612755,0.6505990197231902,0.34940098027680977,San Antonio Spurs,SAS,Philadelphia 76ers,PHI,SAS
1610612759,1610612756,0.6818364994317813,0.31816350056821874,San Antonio Spurs,SAS,Phoenix Suns,PHX,SAS
1610612759,1610612757,0.6206639776074108,0.37933602239258923,San Antonio Spurs,SAS,Portland Trail Blazers,POR,SAS
1610612759,1610612758,0.7866168516966184,0.21338314830338156,San Antonio Spurs,SAS,Sacramento Kings,SAC,SAS
1610612759,1610612760,0.600605196542453,0.39939480345754697,San Antonio Spurs,SAS,Oklahoma City Thunder,OKC,SAS
1610612759,1610612761,0.5876708190866936,0.4123291809133064,San Antonio Spurs,SAS,Toronto Raptors,TOR,SAS
1610612759,1610612762,0.8697569618550114,0.1302430381449886,San Antonio Spurs,SAS,Utah Jazz,UTA,SAS
1610612759,1610612763,0.8875330564311881,0.11246694356881193,San Antonio Spurs,SAS,Memphis Grizzlies,MEM,SAS
1610612759,1610612764,0.8869057817596747,0.11309421824032528,San Antonio Spurs,SAS,Washington Wizards,WAS,SAS
1610612759,1610612765,0.5494580288476982,0.45054197115230177,San Antonio Spurs,SAS,Detroit Pistons,DET,SAS
1610612759,1610612766,0.633584267147192,0.36641573285280804,San Antonio Spurs,SAS,Charlotte Hornets,CHA,SAS
1610612760,1610612737,0.5962086541650495,0.40379134583495047,Oklahoma City Thunder,OKC,Atlanta Hawks,ATL,OKC
1610612760,1610612738,0.4837323974680001,0.5162676025319999,Oklahoma City Thunder,OKC,Boston Celtics,BOS,BOS
1610612760,1610612739,0.5692505802861387,0.43074941971386127,Oklahoma City Thunder,OKC,Cleveland Cavaliers,CLE,OKC
1610612760,1610612740,0.7990665584012054,0.20093344159879456,Oklahoma City Thunder,OKC,New Orleans Pelicans,NOP,OKC
1610612760,1610612741,0.774270819991759,0.22572918000824105,Oklahoma City Thunder,OKC,Chicago Bulls,CHI,OKC
1610612760,1610612742,0.7074495781191681,0.2925504218808319,Oklahoma City Thunder,OKC,Dallas Mavericks,DAL,OKC
1610612760,1610612743,0.42189364692549597,0.5781063530745041,Oklahoma City Thunder,OKC,Denver Nuggets,DEN,DEN
1610612760,1610612744,0.7309426779432415,0.2690573220567585,Oklahoma City Thunder,OKC,Golden State Warriors,GSW,OKC
1610612760,1610612745,0.4466193235500473,0.5533806764499527,Oklahoma City Thunder,OKC,Houston Rockets,HOU,HOU
1610612760,1610612746,0.6021087391526935,0.3978912608473065,Oklahoma City Thunder,OKC,Los Angeles Clippers,LAC,OKC
1610612760,1610612747,0.5520043522323902,0.4479956477676098,Oklahoma City Thunder,OKC,Los Angeles Lakers,LAL,OKC
1610612760,1610612748,0.635670733741755,0.364329266258245,Oklahoma City Thunder,OKC,Miami Heat,MIA,OKC
1610612760,1610612749,0.7396823883503989,0.2603176116496011,Oklahoma City Thunder,OKC,Milwaukee Bucks,MIL,OKC
1610612760,1610612750,0.6791324889073944,0.3208675110926056,Oklahoma City Thunder,OKC,Minnesota Timberwolves,MIN,OKC
1610612760,1610612751,0.7396948577100145,0.26030514228998547,Oklahoma City Thunder,OKC,Brooklyn Nets,BKN,OKC
1610612760,1610612752,0.5037401716979678,0.4962598283020322,Oklahoma City Thunder,OKC,New York Knicks,NYK,OKC
1610612760,1610612753,0.5424930823227696,0.4575069176772304,Oklahoma City Thunder,OKC,Orlando Magic,ORL,OKC
1610612760,1610612754,0.7370808657370158,0.2629191342629842,Oklahoma City Thunder,OKC,Indiana Pacers,IND,OKC
1610612760,1610612755,0.599167821390544,0.40083217860945597,Oklahoma City Thunder,OKC,Philadelphia 76ers,PHI,OKC
1610612760,1610612756,0.6324054317882677,0.3675945682117323,Oklahoma City Thunder,OKC,Phoenix Suns,PHX,OKC
1610612760,1610612757,0.5677539159849356,0.43224608401506437,Oklahoma City Thunder,OKC,Portland Trail Blazers,POR,OKC
1610612760,1610612758,0.747434774059375,0.252565225940625,Oklahoma City Thunder,OKC,Sacramento Kings,SAC,OKC
1610612760,1610612759,0.4924892775014547,0.5075107224985453,Oklahoma City Thunder,OKC,San Antonio Spurs,SAS,SAS
1610612760,1610612761,0.5336168432002725,0.4663831567997275,Oklahoma City Thunder,OKC,Toronto Raptors,TOR,OKC
1610612760,1610612762,0.8427902458248231,0.1572097541751769,Oklahoma City Thunder,OKC,Utah Jazz,UTA,OKC
1610612760,1610612763,0.863669962468102,0.13633003753189799,Oklahoma City Thunder,OKC,Memphis Grizzlies,MEM,OKC
1610612760,1610612764,0.8629301484274179,0.1370698515725821,Oklahoma City Thunder,OKC,Washington Wizards,WAS,OKC
1610612760,1610612765,0.4947018841825903,0.5052981158174097,Oklahoma City Thunder,OKC,Detroit Pistons,DET,DET
1610612760,1610612766,0.5812605041340765,0.4187394958659235,Oklahoma City Thunder,OKC,Charlotte Hornets,CHA,OKC
1610612761,1610612737,0.6088884006665365,0.3911115993334635,Toronto Raptors,TOR,Atlanta Hawks,ATL,TOR
1610612761,1610612738,0.49696410075874153,0.5030358992412585,Toronto Raptors,TOR,Boston Celtics,BOS,BOS
1610612761,1610612739,0.5821836180362749,0.41781638196372506,Toronto Raptors,TOR,Cleveland Cavaliers,CLE,TOR
1610612761,1610612740,0.8074336579368446,0.19256634206315537,Toronto Raptors,TOR,New Orleans Pelicans,NOP,TOR
1610612761,1610612741,0.7833905481862018,0.2166094518137982,Toronto Raptors,TOR,Chicago Bulls,CHI,TOR
1610612761,1610612742,0.7182867116398632,0.28171328836013676,Toronto Raptors,TOR,Dallas Mavericks,DAL,TOR
1610612761,1610612743,0.4348586221429608,0.5651413778570392,Toronto Raptors,TOR,Denver Nuggets,DEN,DEN
1610612761,1610612744,0.7412278703204246,0.2587721296795754,Toronto Raptors,TOR,Golden State Warriors,GSW,TOR
1610612761,1610612745,0.45973987307660985,0.5402601269233902,Toronto Raptors,TOR,Houston Rockets,HOU,HOU
1610612761,1610612746,0.6147229382967668,0.38527706170323317,Toronto Raptors,TOR,Los Angeles Clippers,LAC,TOR
1610612761,1610612747,0.5650595629996833,0.4349404370003167,Toronto Raptors,TOR,Los Angeles Lakers,LAL,TOR
1610612761,1610612748,0.647843235644161,0.352156764355839,Toronto Raptors,TOR,Miami Heat,MIA,TOR
1610612761,1610612749,0.7497478722014126,0.2502521277985874,Toronto Raptors,TOR,Milwaukee Bucks,MIL,TOR
1610612761,1610612750,0.6905597692658068,0.30944023073419324,Toronto Raptors,TOR,Minnesota Timberwolves,MIN,TOR
1610612761,1610612751,0.7497600225309898,0.25023997746901017,Toronto Raptors,TOR,Brooklyn Nets,BKN,TOR
1610612761,1610612752,0.5169711292012953,0.4830288707987047,Toronto Raptors,TOR,New York Knicks,NYK,TOR
1610612761,1610612753,0.555602324377466,0.44439767562253396,Toronto Raptors,TOR,Orlando Magic,ORL,TOR
1610612761,1610612754,0.74721256341719,0.25278743658281,Toronto Raptors,TOR,Indiana Pacers,IND,TOR
1610612761,1610612755,0.611815146039752,0.38818485396024804,Toronto Raptors,TOR,Philadelphia 76ers,PHI,TOR
1610612761,1610612756,0.6446260392225639,0.3553739607774361,Toronto Raptors,TOR,Phoenix Suns,PHX,TOR
1610612761,1610612757,0.5806987907286076,0.41930120927139236,Toronto Raptors,TOR,Portland Trail Blazers,POR,TOR
1610612761,1610612758,0.7572988571066659,0.2427011428933341,Toronto Raptors,TOR,Sacramento Kings,SAC,TOR
1610612761,1610612759,0.5057258717850224,0.4942741282149776,Toronto Raptors,TOR,San Antonio Spurs,SAS,TOR
1610612761,1610612760,0.5600247805298996,0.43997521947010043,Toronto Raptors,TOR,Oklahoma City Thunder,OKC,TOR
1610612761,1610612762,0.8496791527133343,0.15032084728666573,Toronto Raptors,TOR,Utah Jazz,UTA,TOR
1610612761,1610612763,0.8697852865082549,0.13021471349174507,Toronto Raptors,TOR,Memphis Grizzlies,MEM,TOR
1610612761,1610612764,0.8690736274137774,0.13092637258622264,Toronto Raptors,TOR,Washington Wizards,WAS,TOR
1610612761,1610612765,0.5079384283493196,0.49206157165068043,Toronto Raptors,TOR,Detroit Pistons,DET,TOR
1610612761,1610612766,0.5940900736813569,0.4059099263186431,Toronto Raptors,TOR,Charlotte Hornets,CHA,TOR
1610612762,1610612737,0.2493479090465116,0.7506520909534884,Utah Jazz,UTA,Atlanta Hawks,ATL,ATL
1610612762,1610612738,0.1740949544339362,0.8259050455660638,Utah Jazz,UTA,Boston Celtics,BOS,BOS
1610612762,1610612739,0.22917219160494423,0.7708278083950557,Utah Jazz,UTA,Cleveland Cavaliers,CLE,CLE
1610612762,1610612740,0.47219994194723525,0.5278000580527648,Utah Jazz,UTA,New Orleans Pelicans,NOP,NOP
1610612762,1610612741,0.43556042204325945,0.5644395779567406,Utah Jazz,UTA,Chicago Bulls,CHI,CHI
1610612762,1610612742,0.3523429697337945,0.6476570302662055,Utah Jazz,UTA,Dallas Mavericks,DAL,DAL
1610612762,1610612743,0.14102651247577605,0.858973487524224,Utah Jazz,UTA,Denver Nuggets,DEN,DEN
1610612762,1610612744,0.3793342454155224,0.6206657545844776,Utah Jazz,UTA,Golden State Warriors,GSW,GSW
1610612762,1610612745,0.15366698355011635,0.8463330164498837,Utah Jazz,UTA,Houston Rockets,HOU,HOU
1610612762,1610612746,0.2539744353115999,0.7460255646884001,Utah Jazz,UTA,Los Angeles Clippers,LAC,LAC
1610612762,1610612747,0.21703775587333665,0.7829622441266634,Utah Jazz,UTA,Los Angeles Lakers,LAL,LAL
1610612762,1610612748,0.2818784527403681,0.7181215472596318,Utah Jazz,UTA,Miami Heat,MIA,MIA
1610612762,1610612749,0.38996314481272815,0.6100368551872719,Utah Jazz,UTA,Milwaukee Bucks,MIL,MIL
1610612762,1610612750,0.3225674721289073,0.6774325278710926,Utah Jazz,UTA,Minnesota Timberwolves,MIN,MIN
1610612762,1610612751,0.38997855063183023,0.6100214493681697,Utah Jazz,UTA,Brooklyn Nets,BKN,BKN
1610612762,1610612752,0.18590752477426375,0.8140924752257362,Utah Jazz,UTA,New York Knicks,NYK,NYK
1610612762,1610612753,0.21058509334302075,0.7894149066569792,Utah Jazz,UTA,Orlando Magic,ORL,ORL
1610612762,1610612754,0.38676416704921884,0.6132358329507812,Utah Jazz,UTA,Indiana Pacers,IND,IND
1610612762,1610612755,0.2516584530369839,0.7483415469630161,Utah Jazz,UTA,Philadelphia 76ers,PHI,PHI
1610612762,1610612756,0.27903859922750746,0.7209614007724925,Utah Jazz,UTA,Phoenix Suns,PHX,PHX
1610612762,1610612757,0.22809618495384634,0.7719038150461537,Utah Jazz,UTA,Portland Trail Blazers,POR,POR
1610612762,1610612758,0.39967773652446925,0.6003222634755307,Utah Jazz,UTA,Sacramento Kings,SAC,SAC
1610612762,1610612759,0.17919209625479188,0.8208079037452081,Utah Jazz,UTA,San Antonio Spurs,SAS,SAS
1610612762,1610612760,0.2135811691304729,0.7864188308695271,Utah Jazz,UTA,Oklahoma City Thunder,OKC,OKC
1610612762,1610612761,0.20470958693887592,0.795290413061124,Utah Jazz,UTA,Toronto Raptors,TOR,TOR
1610612762,1610612763,0.587666338466276,0.41233366153372397,Utah Jazz,UTA,Memphis Grizzlies,MEM,UTA
1610612762,1610612764,0.5861464549460147,0.4138535450539853,Utah Jazz,UTA,Washington Wizards,WAS,UTA
1610612762,1610612765,0.18049775222915265,0.8195022477708473,Utah Jazz,UTA,Detroit Pistons,DET,DET
1610612762,1610612766,0.23797104812074982,0.7620289518792502,Utah Jazz,UTA,Charlotte Hornets,CHA,CHA
1610612763,1610612737,0.21931682142446826,0.7806831785755317,Memphis Grizzlies,MEM,Atlanta Hawks,ATL,ATL
1610612763,1610612738,0.1513004224656132,0.8486995775343869,Memphis Grizzlies,MEM,Boston Celtics,BOS,BOS
1610612763,1610612739,0.2009206376339922,0.7990793623660077,Memphis Grizzlies,MEM,Cleveland Cavaliers,CLE,CLE
1610612763,1610612740,0.4307298652714975,0.5692701347285025,Memphis Grizzlies,MEM,New Orleans Pelicans,NOP,NOP
1610612763,1610612741,0.3949005831939032,0.6050994168060968,Memphis Grizzlies,MEM,Chicago Bulls,CHI,CHI
1610612763,1610612742,0.3151145991838943,0.6848854008161057,Memphis Grizzlies,MEM,Dallas Mavericks,DAL,DAL
1610612763,1610612743,0.12192252110545317,0.8780774788945468,Memphis Grizzlies,MEM,Denver Nuggets,DEN,DEN
1610612763,1610612744,0.34075446444416263,0.6592455355558373,Memphis Grizzlies,MEM,Golden State Warriors,GSW,GSW
1610612763,1610612745,0.13311602662739633,0.8668839733726037,Memphis Grizzlies,MEM,Houston Rockets,HOU,HOU
1610612763,1610612746,0.22355207936601715,0.7764479206339828,Memphis Grizzlies,MEM,Los Angeles Clippers,LAC,LAC
1610612763,1610612747,0.18991354128206056,0.8100864587179395,Memphis Grizzlies,MEM,Los Angeles Lakers,LAL,LAL
1610612763,1610612748,0.24923025984749295,0.7507697401525071,Memphis Grizzlies,MEM,Miami Heat,MIA,MIA
1610612763,1610612749,0.3509135419655529,0.6490864580344471,Memphis Grizzlies,MEM,Milwaukee Bucks,MIL,MIL
1610612763,1610612750,0.28709059157811917,0.7129094084218808,Memphis Grizzlies,MEM,Minnesota Timberwolves,MIN,MIN
1610612763,1610612751,0.35092829253991586,0.6490717074600841,Memphis Grizzlies,MEM,Brooklyn Nets,BKN,BKN
1610612763,1610612752,0.16186948039687635,0.8381305196031237,Memphis Grizzlies,MEM,New York Knicks,NYK,NYK
1610612763,1610612753,0.18407770538140447,0.8159222946185956,Memphis Grizzlies,MEM,Orlando Magic,ORL,ORL
1610612763,1610612754,0.3478522393050382,0.6521477606949617,Memphis Grizzlies,MEM,Indiana Pacers,IND,IND
1610612763,1610612755,0.22143117496040762,0.7785688250395923,Memphis Grizzlies,MEM,Philadelphia 76ers,PHI,PHI
1610612763,1610612756,0.24660637508787317,0.7533936249121268,Memphis Grizzlies,MEM,Phoenix Suns,PHX,PHX
1610612763,1610612757,0.1999428705838737,0.8000571294161263,Memphis Grizzlies,MEM,Portland Trail Blazers,POR,POR
1610612763,1610612758,0.3602297823516588,0.6397702176483412,Memphis Grizzlies,MEM,Sacramento Kings,SAC,SAC
1610612763,1610612759,0.1558561276950434,0.8441438723049566,Memphis Grizzlies,MEM,San Antonio Spurs,SAS,SAS
1610612763,1610612760,0.18678588437793694,0.813214115622063,Memphis Grizzlies,MEM,Oklahoma City Thunder,OKC,OKC
1610612763,1610612761,0.17877428979590995,0.8212257102040901,Memphis Grizzlies,MEM,Toronto Raptors,TOR,TOR
1610612763,1610612762,0.5049480157733114,0.4950519842266886,Memphis Grizzlies,MEM,Utah Jazz,UTA,MEM
1610612763,1610612764,0.5450025389465388,0.45499746105346117,Memphis Grizzlies,MEM,Washington Wizards,WAS,MEM
1610612763,1610612765,0.15702427795505453,0.8429757220449454,Memphis Grizzlies,MEM,Detroit Pistons,DET,DET
1610612763,1610612766,0.20892880177758846,0.7910711982224116,Memphis Grizzlies,MEM,Charlotte Hornets,CHA,CHA
1610612764,1610612737,0.22041376364746854,0.7795862363525314,Washington Wizards,WAS,Atlanta Hawks,ATL,ATL
1610612764,1610612738,0.15212346144927183,0.8478765385507282,Washington Wizards,WAS,Boston Celtics,BOS,BOS
1610612764,1610612739,0.20194937055865947,0.7980506294413405,Washington Wizards,WAS,Cleveland Cavaliers,CLE,CLE
1610612764,1610612740,0.43229868316564385,0.5677013168343561,Washington Wizards,WAS,New Orleans Pelicans,NOP,NOP
1610612764,1610612741,0.3964297794519172,0.6035702205480828,Washington Wizards,WAS,Chicago Bulls,CHI,CHI
1610612764,1610612742,0.31649643662225047,0.6835035633777495,Washington Wizards,WAS,Dallas Mavericks,DAL,DAL
1610612764,1610612743,0.12260883823300937,0.8773911617669906,Washington Wizards,WAS,Denver Nuggets,DEN,DEN
1610612764,1610612744,0.3421925607895976,0.6578074392104024,Washington Wizards,WAS,Golden State Warriors,GSW,GSW
1610612764,1610612745,0.13385574809212358,0.8661442519078764,Washington Wizards,WAS,Houston Rockets,HOU,HOU
1610612764,1610612746,0.22466410871584375,0.7753358912841563,Washington Wizards,WAS,Los Angeles Clippers,LAC,LAC
1610612764,1610612747,0.19089938055048386,0.8091006194495162,Washington Wizards,WAS,Los Angeles Lakers,LAL,LAL
1610612764,1610612748,0.25042882403089833,0.7495711759691017,Washington Wizards,WAS,Miami Heat,MIA,MIA
1610612764,1610612749,0.35237159614992725,0.6476284038500728,Washington Wizards,WAS,Milwaukee Bucks,MIL,MIL
1610612764,1610612750,0.28840128693709555,0.7115987130629045,Washington Wizards,WAS,Minnesota Timberwolves,MIN,MIN
1610612764,1610612751,0.3523863747397391,0.6476136252602609,Washington Wizards,WAS,Brooklyn Nets,BKN,BKN
1610612764,1610612752,0.16273898820891802,0.8372610117910819,Washington Wizards,WAS,New York Knicks,NYK,NYK
1610612764,1610612753,0.18504017059489897,0.814959829405101,Washington Wizards,WAS,Orlando Magic,ORL,ORL
1610612764,1610612754,0.34930441882767166,0.6506955811723283,Washington Wizards,WAS,Indiana Pacers,IND,IND
1610612764,1610612755,0.22253567791079973,0.7774643220892002,Washington Wizards,WAS,Philadelphia 76ers,PHI,PHI
1610612764,1610612756,0.24779648563779788,0.7522035143622021,Washington Wizards,WAS,Phoenix Suns,PHX,PHX
1610612764,1610612757,0.20096785631838476,0.7990321436816152,Washington Wizards,WAS,Portland Trail Blazers,POR,POR
1610612764,1610612758,0.3617049749431311,0.6382950250568689,Washington Wizards,WAS,Sacramento Kings,SAC,SAC
1610612764,1610612759,0.1566993730401961,0.8433006269598039,Washington Wizards,WAS,San Antonio Spurs,SAS,SAS
1610612764,1610612760,0.187759251054737,0.812240748945263,Washington Wizards,WAS,Oklahoma City Thunder,OKC,OKC
1610612764,1610612761,0.17971513333797165,0.8202848666620284,Washington Wizards,WAS,Toronto Raptors,TOR,TOR
1610612764,1610612762,0.506546618123682,0.49345338187631804,Washington Wizards,WAS,Utah Jazz,UTA,WAS
1610612764,1610612763,0.5481411077032011,0.4518588922967989,Washington Wizards,WAS,Memphis Grizzlies,MEM,WAS
1610612764,1610612765,0.15787266146570983,0.8421273385342902,Washington Wizards,WAS,Detroit Pistons,DET,DET
1610612764,1610612766,0.20998776232364866,0.7900122376763513,Washington Wizards,WAS,Charlotte Hornets,CHA,CHA
1610612765,1610612737,0.6455817134749656,0.3544182865250344,Detroit Pistons,DET,Atlanta Hawks,ATL,DET
1610612765,1610612738,0.5361588086410357,0.4638411913589643,Detroit Pistons,DET,Boston Celtics,BOS,DET
1610612765,1610612739,0.6198179877142567,0.38018201228574333,Detroit Pistons,DET,Cleveland Cavaliers,CLE,DET
1610612765,1610612740,0.8306796981101169,0.16932030188988312,Detroit Pistons,DET,New Orleans Pelicans,NOP,DET
1610612765,1610612741,0.8088518977174075,0.1911481022825925,Detroit Pistons,DET,Chicago Bulls,CHI,DET
1610612765,1610612742,0.7489482654319659,0.2510517345680341,Detroit Pistons,DET,Dallas Mavericks,DAL,DET
1610612765,1610612743,0.4737683464980732,0.5262316535019268,Detroit Pistons,DET,Denver Nuggets,DEN,DEN
1610612765,1610612744,0.7701913781884884,0.22980862181151163,Detroit Pistons,DET,Golden State Warriors,GSW,DET
1610612765,1610612745,0.4989105043868732,0.5010894956131269,Detroit Pistons,DET,Houston Rockets,HOU,HOU
1610612765,1610612746,0.6511824499516503,0.3488175500483497,Detroit Pistons,DET,Los Angeles Clippers,LAC,DET
1610612765,1610612747,0.6031850464778945,0.3968149535221055,Detroit Pistons,DET,Los Angeles Lakers,LAL,DET
1610612765,1610612748,0.682785863471376,0.31721413652862396,Detroit Pistons,DET,Miami Heat,MIA,DET
1610612765,1610612749,0.7780433195030801,0.22195668049691986,Detroit Pistons,DET,Milwaukee Bucks,MIL,DET
1610612765,1610612750,0.7230756498299982,0.27692435017000183,Detroit Pistons,DET,Minnesota Timberwolves,MIN,DET
1610612765,1610612751,0.7780545027069192,0.22194549729308077,Detroit Pistons,DET,Brooklyn Nets,BKN,DET
1610612765,1610612752,0.5559997005396633,0.4440002994603367,Detroit Pistons,DET,New York Knicks,NYK,DET
1610612765,1610612753,0.593961104914903,0.40603889508509705,Detroit Pistons,DET,Orlando Magic,ORL,DET
1610612765,1610612754,0.775708916026863,0.22429108397313702,Detroit Pistons,DET,Indiana Pacers,IND,DET
1610612765,1610612755,0.6483924366986642,0.3516075633013358,Detroit Pistons,DET,Philadelphia 76ers,PHI,DET
1610612765,1610612756,0.6797300790024599,0.32026992099754015,Detroit Pistons,DET,Phoenix Suns,PHX,DET
1610612765,1610612757,0.6183792354388339,0.3816207645611661,Detroit Pistons,DET,Portland Trail Blazers,POR,DET
1610612765,1610612758,0.7849853786642889,0.21501462133571114,Detroit Pistons,DET,Sacramento Kings,SAC,DET
1610612765,1610612759,0.5448631211579971,0.45513687884200293,Detroit Pistons,DET,San Antonio Spurs,SAS,DET
1610612765,1610612760,0.5982778366921335,0.4017221633078665,Detroit Pistons,DET,Oklahoma City Thunder,OKC,DET
1610612765,1610612761,0.5853201270133511,0.4146798729866489,Detroit Pistons,DET,Toronto Raptors,TOR,DET
1610612765,1610612762,0.8686550164868136,0.13134498351318635,Detroit Pistons,DET,Utah Jazz,UTA,DET
1610612765,1610612763,0.8865618933451529,0.1134381066548471,Detroit Pistons,DET,Memphis Grizzlies,MEM,DET
1610612765,1610612764,0.8859298982605526,0.11407010173944743,Detroit Pistons,DET,Washington Wizards,WAS,DET
1610612765,1610612766,0.6313311201641111,0.3686688798358889,Detroit Pistons,DET,Charlotte Hornets,CHA,DET
1610612766,1610612737,0.5627009702989627,0.4372990297010373,Charlotte Hornets,CHA,Atlanta Hawks,ATL,CHA
1610612766,1610612738,0.4495090086836064,0.5504909913163936,Charlotte Hornets,CHA,Boston Celtics,BOS,BOS
1610612766,1610612739,0.5352496476581126,0.46475035234188744,Charlotte Hornets,CHA,Cleveland Cavaliers,CLE,CHA
1610612766,1610612740,0.7760699994143281,0.22393000058567192,Charlotte Hornets,CHA,New Orleans Pelicans,NOP,CHA
1610612766,1610612741,0.7493266742556247,0.2506733257443753,Charlotte Hornets,CHA,Chicago Bulls,CHI,CHA
1610612766,1610612742,0.6781904011358101,0.3218095988641899,Charlotte Hornets,CHA,Dallas Mavericks,DAL,CHA
1610612766,1610612743,0.3887508727543534,0.6112491272456466,Charlotte Hornets,CHA,Denver Nuggets,DEN,DEN
1610612766,1610612744,0.7030468768831426,0.2969531231168574,Charlotte Hornets,CHA,Golden State Warriors,GSW,CHA
1610612766,1610612745,0.41292154498924283,0.5870784550107572,Charlotte Hornets,CHA,Houston Rockets,HOU,HOU
1610612766,1610612746,0.5687365077713041,0.43126349222869587,Charlotte Hornets,CHA,Los Angeles Clippers,LAC,CHA
1610612766,1610612747,0.5177952560123145,0.48220474398768554,Charlotte Hornets,CHA,Los Angeles Lakers,LAL,CHA
1610612766,1610612748,0.6032586214382486,0.3967413785617514,Charlotte Hornets,CHA,Miami Heat,MIA,CHA
1610612766,1610612749,0.7123361087952363,0.28766389120476366,Charlotte Hornets,CHA,Milwaukee Bucks,MIL,CHA
1610612766,1610612750,0.6484485568692289,0.35155144313077114,Charlotte Hornets,CHA,Minnesota Timberwolves,MIN,CHA
1610612766,1610612751,0.7123493786570454,0.2876506213429546,Charlotte Hornets,CHA,Brooklyn Nets,BKN,CHA
1610612766,1610612752,0.4693882473306745,0.5306117526693255,Charlotte Hornets,CHA,New York Knicks,NYK,NYK
1610612766,1610612753,0.5082047676985615,0.4917952323014385,Charlotte Hornets,CHA,Orlando Magic,ORL,CHA
1610612766,1610612754,0.7095686022421962,0.2904313977578038,Charlotte Hornets,CHA,Indiana Pacers,IND,CHA
1610612766,1610612755,0.5657268336596936,0.43427316634030644,Charlotte Hornets,CHA,Philadelphia 76ers,PHI,CHA
1610612766,1610612756,0.5998856731299445,0.40011432687005555,Charlotte Hornets,CHA,Phoenix Suns,PHX,CHA
1610612766,1610612757,0.5337316111595579,0.4662683888404421,Charlotte Hornets,CHA,Portland Trail Blazers,POR,CHA
1610612766,1610612758,0.7205952572433975,0.27940474275660254,Charlotte Hornets,CHA,Sacramento Kings,SAC,CHA
1610612766,1610612759,0.45819620125158883,0.5418037987484112,Charlotte Hornets,CHA,San Antonio Spurs,SAS,SAS
1610612766,1610612760,0.5126851967482795,0.4873148032517205,Charlotte Hornets,CHA,Oklahoma City Thunder,OKC,CHA
1610612766,1610612761,0.4992773071356781,0.5007226928643219,Charlotte Hornets,CHA,Toronto Raptors,TOR,TOR
1610612766,1610612762,0.8236936934633514,0.17630630653664858,Charlotte Hornets,CHA,Utah Jazz,UTA,CHA
1610612766,1610612763,0.8466482093600198,0.15335179063998017,Charlotte Hornets,CHA,Memphis Grizzlies,MEM,CHA
1610612766,1610612764,0.8458325128593551,0.15416748714064488,Charlotte Hornets,CHA,Washington Wizards,WAS,CHA
1610612766,1610612765,0.46039450453928027,0.5396054954607197,Charlotte Hornets,CHA,Detroit Pistons,DET,DET
